"";"SchoolName2";"variable";"estimate";"Total";"Percent";"LeaveTime";"CumPer";"LeaveDT";"School.name";"Proposed.tier";"Start";"End";"Type";"Name";"Address";"State";"MailingAddress";"CurrentStartTime";"Total.Students";"Female";"%.Female";"Gender.X";"%.Gender.X";"Male";"%.Male";"American.Indian/.Alaskan.Native";"%.American.Indian/.Alaskan.Native";"Asian";"%.Asian";"Black/.African.American";"%.Black/.African.American";"Hispanic/.Latino.of.any.race(s)";"%.Hispanic/.Latino.of.any.race(s)";"Native.Hawaiian/.Other.Pacific.Islander";"%.Native.Hawaiian/.Other.Pacific.Islander";"Two.or.More.Races";"%.Two.or.More.Races";"White";"%.White";"English.Language.Learners";"%.English.Language.Learners";"Foster.Care";"%.Foster.Care";"Highly.Capable";"%.Highly.Capable";"Homeless";"%.Homeless";"Low-Income";"%.Low-Income";"Migrant";"%.Migrant";"Military.Parent";"%.Military.Parent";"Mobile";"%.Moble";"Section.504";"%.Section.504";"Students.with.Disabilities";"%.Students.with.Disabilities";"Non-English.Language.Learners";"%.Non-English.Language.Learners";"Non-Foster.Care";"%.Non-Foster.Care";"Non-Highly.Capable";"%.Non-Highly.Capable";"Non-Homeless";"%.Non-Homeless";"Non-Low.Income";"%.Non-Low.Income";"Non.Migrant";"%.Non.Migrant";"Non.Military.Parent";"%.Non.Military.Parent";"Non.Mobile";"%.Non.Mobile";"Non.Section.504";"%.Non.Section.504";"Students.without.Disabilities";"%.Students.without.Disabilities";"2020-21.FRPL.%.based.on.2019-20.as.of.Mar.31";"2020-21.Preliminary.FRPL.%.based.on.2019-20.data.as.of.Mar.6";"2020-21.Preliminary.FRPL.%.based.on.2019-20.data.as.of.Jan.29";"2019-20.FINAL.FRPL.%.based.on.2018-19.data";"2018-19.FINAL.FRPL.%.based.on.2017-18..data";"3.Year.Average.for.2020-21.Eligibility";"Preliminary.High.Poverty.Eligibility.for.SY.2020-21";"Title.I.School.Wide";"Title1";"ProposedStart";"TimeShift";"ADR_LGT";"ADR_LTT";"GEOID";"median_hhi";"HHI_group";"NeedToLeave";"HighPoverty";"FRPL"
"1";"Adams Elementary School";"Go2Work_0700";1558;18912;0,0823815566835871;7H 0M 0S;0,190143824027073;2022-04-26 07:00:00;"Adams​";1;"7:40 a.m.";"2 p.m.";"Elementary School";"Adams Elementary";"6110 28th Ave. NW";"Seattle, WA 98107";"6110 28th Ave. NW,Seattle, WA 98107";2022-04-26 08:55:00;359;164;0,4568245125;2;0,005571030641;193;0,5376044568;0;0;9;0,02506963788;11;0,03064066852;23;0,06406685237;1;0,00278551532;42;0,1169916435;273;0,7604456825;22;0,06128133705;0;0;12;0,03342618384;0;0;36;0,1002785515;0;0;2;0,005571030641;9;0,02506963788;0;0;49;0;337;0,938718663;359;1;347;0,9665738162;359;1;323;0,8997214485;359;1;357;0,9944289694;350;0,9749303621;359;1;310;0,8635097493;0,11;0,11;0,11;0,1306;0,121157323688969;0,1206;"No";NA;"No";2022-04-26 07:40:00;-75;-122,39155;47,67342;"53033003202";114170,958333333;"100-150K";2022-04-26 07:10:00;"No";0,1206
"2";"Aki Kurose Middle School";"Go2Work_0800";4041;34165;0,118278940436119;8H 0M 0S;0,525069515586126;2022-04-26 08:00:00;"Aki Kurose​";2;"8:30 a.m.";"3:20 p.m.";"Middle School";"Aki Kurose Middle School";"3928 S Graham St.";"Seattle, WA 98118";"3928 S Graham St.,Seattle, WA 98118";2022-04-26 08:55:00;718;340;0,4735376045;2;0,00278551532;376;0,5236768802;4;0,005571030641;192;0,2674094708;229;0,3189415042;123;0,1713091922;10;0,0139275766;71;0,09888579387;89;0,1239554318;183;0,2548746518;0;0;15;0,0208913649;34;0,04735376045;520;0,7242339833;0;0;0;0;27;0,03760445682;4;0,005571030641;123;6,59523126e-05;535;0,7451253482;714;0,9944289694;703;0,9791086351;684;0,9526462396;198;0,2757660167;718;1;718;1;691;0,9623955432;714;0,9944289694;595;0,8286908078;0,7184;0,7184;0,7184;0,747;0,769343065693431;0,7449;"Yes";"School-wide";"School-wide";2022-04-26 08:30:00;-25;-122,28198;47,54632;"53033010301";88289;"50-100K";2022-04-26 08:00:00;"Yes";0,7449
"3";"Alan T. Sugiyama High School";"Go2Work_0800";2548;24173;0,105406858892152;8H 0M 0S;0,519091548421793;2022-04-26 08:00:00;"Sugiyama​";2;"8:30 a.m.";"3:20 p.m.";"High School";"Alan T. Sugiyama High School";"8601 Rainier Ave. S";"Seattle, WA 98118";"8601 Rainier Ave. S,Seattle, WA 98118";2022-04-26 08:45:00;25;17;0,68;0;0;8;0,32;0;0;6;0,24;4;0,16;11;0,44;1;0,04;1;0,04;2;0,08;8;0,32;0;0;0;0;3;0,12;20;0,8;0;0;0;0;3;0,12;0;0;4;0,0048;17;0,68;25;1;25;1;22;0,88;5;0,2;25;1;25;1;22;0,88;25;1;21;0,84;0,7059;0,7059;0,7059;0,9206;0,868852459016393;0,8318;"Yes";"School-wide";"School-wide";2022-04-26 08:30:00;-15;-122,27091;47,52567;"53033011801";85729;"50-100K";2022-04-26 08:00:00;"Yes";0,8318
"4";"Alki Elementary School";"Go2Work_0900";517;9172;0,056367204535543;9H 0M 0S;0,818578281726995;2022-04-26 09:00:00;"Alki​";3;"9:30 a.m.";"4 p.m.";"Elementary School";"Alki Elementary";"3010 59th Ave. SW";"Seattle, WA 98116";"3010 59th Ave. SW,Seattle, WA 98116";2022-04-26 07:55:00;314;158;0,5031847134;0;0;156;0,4968152866;0;0;14;0,04458598726;7;0,02229299363;28;0,08917197452;0;0;47;0,1496815287;218;0,6942675159;12;0,03821656051;0;0;9;0,02866242038;5;0,01592356688;38;0,1210191083;0;0;6;0,01910828025;13;0,04140127389;0;0;47;5,071199643e-05;302;0,9617834395;313;0,9968152866;305;0,9713375796;309;0,9840764331;276;0,8789808917;314;1;308;0,9808917197;301;0,9585987261;314;1;267;0,8503184713;0,1003;0,1003;0,1003;0,1386;0,176943699731903;0,1386;"No";NA;"No";2022-04-26 09:30:00;95;-122,40783;47,57714;"53033009701";131203,916666667;"100-150K";2022-04-26 09:00:00;"No";0,1386
"5";"Arbor Heights Elementary School";"Go2Work_0700";1302;9649;0,134936262825163;7H 0M 0S;0,361902787853664;2022-04-26 07:00:00;"Arbor Heights​";1;"7:40 a.m.";"2 p.m.";"Elementary School";"Arbor Heights Elementary";"3701 SW 104th St.";"Seattle, WA 98146";"3701 SW 104th St.,Seattle, WA 98146";2022-04-26 07:55:00;529;256;0,4839319471;1;0,001890359168;272;0,5141776938;1;0,001890359168;30;0,05671077505;17;0,03213610586;78;0,1474480151;2;0,003780718336;65;0,1228733459;336;0,6351606805;33;0,06238185255;0;0;12;0,02268431002;1;0,001890359168;95;0,179584121;0;0;1;0,001890359168;8;0,01512287335;4;0,007561436673;88;3,573457785e-06;496;0,9376181474;528;0,9981096408;517;0,97731569;528;0,9981096408;434;0,820415879;529;1;528;0,9981096408;521;0,9848771267;525;0,9924385633;441;0,8336483932;0,1879;0,1883;0,1883;0,2018;0,231968810916179;0,2072;"No";NA;"No";2022-04-26 07:40:00;-15;-122,37851;47,50965;"53033012000";109672,466666667;"100-150K";2022-04-26 07:10:00;"No";0,2072
"6";"B F Day Elementary School";"Go2Work_0700";1772;25505;0,0694765732209371;7H 0M 0S;0,141305626347775;2022-04-26 07:00:00;"BF Day​";1;"7:40 a.m.";"2 p.m.";"Elementary School";"Benjamin Franklin Day Elementary";"3921 Linden Ave. N";"Seattle, WA 98103";"3921 Linden Ave. N,Seattle, WA 98103";2022-04-26 07:55:00;406;194;0,4778325123;2;0,004926108374;210;0,5172413793;0;0;31;0,0763546798;27;0,06650246305;34;0,08374384236;1;0,002463054187;67;0,1650246305;246;0,60591133;43;0,10591133;0;0;12;0,02955665025;8;0,0197044335;75;0,184729064;0;0;1;0,002463054187;12;0,02955665025;3;0,007389162562;57;4,853308743e-05;363;0,89408867;405;0,9975369458;394;0,9704433498;398;0,9802955665;331;0,815270936;406;1;405;0,9975369458;394;0,9704433498;403;0,9926108374;349;0,8596059113;0,1417;0,1417;0,1417;0,1763;0,222614840989399;0,1802;"No";NA;"No";2022-04-26 07:40:00;-15;-122,34914;47,65494;"53033004902";111238,71875;"100-150K";2022-04-26 07:10:00;"No";0,1802
"7";"Bailey Gatzert Elementary School";"Go2Work_0900";1261;12097;0,104240720839878;9H 0M 0S;0,688435149210548;2022-04-26 09:00:00;"Gatzert​";3;"9:30 a.m.";"4 p.m.";"Elementary School";"Bailey Gatzert Elementary";"1301 E Yesler Way";"Seattle, WA 98122";"1301 E Yesler Way,Seattle, WA 98122";2022-04-26 07:55:00;320;153;0,478125;0;0;167;0,521875;3;0,009375;22;0,06875;191;0,596875;42;0,13125;1;0,003125;28;0,0875;33;0,103125;113;0,353125;0;0;4;0,0125;52;0,1625;250;0,78125;0;0;1;0,003125;21;0,065625;0;0;53;0,0005078125;207;0,646875;319;0,996875;316;0,9875;268;0,8375;70;0,21875;320;1;319;0,996875;299;0,934375;320;1;267;0,834375;0,7508;0,7508;0,7508;0,7599;0,792253521126761;0,7677;"Yes";"School-wide";"School-wide";2022-04-26 09:30:00;95;-122,31561;47,60115;"53033009000";69187,3125;"50-100K";2022-04-26 09:00:00;"Yes";0,7677
"8";"Ballard High School";"Go2Work_0800";7437;50042;0,148615163262859;8H 0M 0S;0,507593621358059;2022-04-26 08:00:00;"Ballard ​";2;"8:30 a.m.";"3:20 p.m.";"High School";"Ballard High School";"1418 NW 65th St.";"Seattle, WA 98117";"1418 NW 65th St.,Seattle, WA 98117";2022-04-26 08:45:00;1683;785;0,4664289958;21;0,01247771836;877;0,5210932858;6;0,003565062389;83;0,04931669638;47;0,02792632204;138;0,08199643494;6;0,003565062389;176;0,1045751634;1227;0,7290552585;36;0,02139037433;0;0;189;0,1122994652;11;0,006535947712;188;0,1117052882;0;0;4;0,002376708259;48;0,02852049911;124;0,07367795603;221;3,883510227e-06;1647;0,9786096257;1681;0,9988116459;1494;0,8877005348;1672;0,9934640523;1495;0,8882947118;1683;1;1679;0,9976232917;1635;0,9714795009;1559;0,926322044;1462;0,8686868687;0,0846;0,0846;0,0846;0,0986;0,113871635610766;0,099;"No";NA;"No";2022-04-26 08:30:00;-15;-122,37544;47,67671;"53033003302";123107,106060606;"100-150K";2022-04-26 08:00:00;"No";0,099
"9";"Beacon Hill International School";"Go2Work_0700";808;10289;0,0785304694333755;7H 0M 0S;0,211682379239965;2022-04-26 07:00:00;"Beacon Hill​";1;"7:40 a.m.";"2 p.m.";"Elementary School";"Beacon Hill International Elementary";"2025 14th Ave. S";"Seattle, WA 98144";"2025 14th Ave. S,Seattle, WA 98144";2022-04-26 07:55:00;326;157;0,481595092;1;0,003067484663;168;0,5153374233;1;0,003067484663;98;0,3006134969;17;0,05214723926;109;0,3343558282;0;0;43;0,1319018405;58;0,1779141104;146;0,4478527607;0;0;19;0,05828220859;11;0,03374233129;168;0,5153374233;0;0;1;0,003067484663;1;0,003067484663;0;0;36;0,0001035040837;180;0,5521472393;326;1;307;0,9417177914;315;0,9662576687;158;0,4846625767;326;1;325;0,9969325153;325;0,9969325153;326;1;290;0,8895705521;0,4904;0,4904;0,4904;0,5182;0,552884615384615;0,5205;"Yes";"School-wide";"School-wide";2022-04-26 07:40:00;-15;-122,31533;47,58508;"53033009400";74022,3333333333;"50-100K";2022-04-26 07:10:00;"Yes";0,5205
"10";"Broadview-Thomson K-8 School";"Go2Work_0900";835;10825;0,0771362586605081;9H 0M 0S;0,74364896073903;2022-04-26 09:00:00;"Broadview Thomson​";3;"9:30 a.m.";"4 p.m.";"K-8";"Broadview-Thomson K-8";"13052 Greenwood Ave. N";"Seattle, WA 98133";"13052 Greenwood Ave. N,Seattle, WA 98133";2022-04-26 07:55:00;562;285;0,5071174377;3;0,005338078292;274;0,487544484;8;0,01423487544;40;0,07117437722;152;0,2704626335;129;0,2295373665;1;0,001779359431;73;0,1298932384;159;0,2829181495;133;0,2366548043;0;0;21;0,03736654804;6;0,01067615658;355;0,6316725979;3;0,005338078292;1;0,001779359431;11;0,01957295374;6;0,01067615658;105;1,89967199e-05;429;0,7633451957;561;0,9982206406;541;0,962633452;556;0,9893238434;207;0,3683274021;559;0,9946619217;561;0,9982206406;551;0,9804270463;556;0,9893238434;457;0,8131672598;0,5614;0,5614;0,5614;0,5478;0,590225563909774;0,5665;"Yes";"School-wide";"School-wide";2022-04-26 09:30:00;95;-122,35434;47,72468;"53033000403";86954,9375;"50-100K";2022-04-26 09:00:00;"Yes";0,5665
"11";"Bryant Elementary School";"Go2Work_0900";1590;14069;0,113014428886204;9H 0M 0S;0,749164830478357;2022-04-26 09:00:00;"Bryant​";3;"9:30 a.m.";"4 p.m.";"Elementary School";"Bryant Elementary";"3311 NE 60th St.";"Seattle, WA 98115";"3311 NE 60th St.,Seattle, WA 98115";2022-04-26 07:55:00;450;208;0,4622222222;1;0,002222222222;241;0,5355555556;0;0;61;0,1355555556;3;0,006666666667;29;0,06444444444;0;0;64;0,1422222222;293;0,6511111111;24;0,05333333333;0;0;43;0,09555555556;0;0;24;0,05333333333;0;0;4;0,008888888889;2;0,004444444444;1;0,002222222222;26;0;426;0,9466666667;450;1;407;0,9044444444;450;1;426;0,9466666667;450;1;446;0,9911111111;448;0,9955555556;449;0,9977777778;424;0,9422222222;0,0447;0,0447;0,0447;0,0377;0,041025641025641;0,0411;"No";NA;"No";2022-04-26 09:30:00;95;-122,292;47,67152;"53033004202";128604,7;"100-150K";2022-04-26 09:00:00;"No";0,0411
"12";"Cascadia Elementary";"Go2Work_0700";4956;50484;0,0981697171381032;7H 0M 0S;0,227993027493859;2022-04-26 07:00:00;"Cascadia​";1;"7:40 a.m.";"2 p.m.";"Elementary School";"Cascadia Elementary";"1700 N 90th St.";"Seattle, WA 98103";"1700 N 90th St.,Seattle, WA 98103";2022-04-26 07:55:00;498;231;0,4638554217;0;0;267;0,5361445783;0;0;91;0,1827309237;25;0,05020080321;45;0,09036144578;0;0;99;0,1987951807;238;0,4779116466;11;0,02208835341;0;0;475;0,953815261;0;0;33;0,06626506024;0;0;2;0,004016064257;7;0,0140562249;5;0,01004016064;47;0;487;0,9779116466;498;1;23;0,04618473896;498;1;465;0,9337349398;498;1;496;0,9959839357;491;0,9859437751;493;0,9899598394;451;0,90562249;0,0277;0,0277;0,0277;0,0254;0,0380952380952381;0,0304;"No";NA;"No";2022-04-26 07:40:00;-15;-122,33729;47,69494;"53033001800";105404,015151515;"100-150K";2022-04-26 07:10:00;"No";0,0304
"13";"Catharine Blaine K-8 School";"Go2Work_0900";274;3640;0,0752747252747253;9H 0M 0S;0,812362637362637;2022-04-26 09:00:00;"Catharine Blaine​";3;"9:30 a.m.";"4 p.m.";"K-8";"Catharine Blaine K-8";"2550 34th Ave. W";"Seattle, WA 98199";"2550 34th Ave. W,Seattle, WA 98199";2022-04-26 08:55:00;466;215;0,4613733906;1;0,002145922747;250;0,5364806867;1;0,002145922747;35;0,07510729614;7;0,01502145923;38;0,08154506438;0;0;54;0,1158798283;331;0,7103004292;19;0,04077253219;0;0;18;0,03862660944;0;0;26;0,05579399142;0;0;1;0,002145922747;9;0,01931330472;8;0,01716738197;59;0;447;0,9592274678;466;1;448;0,9613733906;466;1;440;0,9442060086;466;1;465;0,9978540773;457;0,9806866953;458;0,982832618;407;0,8733905579;0,0556;0,0556;0,0556;0,0685;0,0652173913043478;0,0631;"No";NA;"No";2022-04-26 09:30:00;35;-122,40039;47,64278;"53033005700";170222,285714286;">150K";2022-04-26 09:00:00;"No";0,0631
"14";"Cedar Park Elementary School";"Go2Work_0700";2240;22320;0,100358422939068;7H 0M 0S;0,241532258064516;2022-04-26 07:00:00;"Cedar Park​";1;"7:40 a.m.";"2 p.m.";"Elementary School";"Cedar Park Elementary";"3737 NE 135th St.";"Seattle, WA 98125";"3737 NE 135th St.,Seattle, WA 98125";2022-04-26 07:55:00;224;121;0,5401785714;2;0,008928571429;101;0,4508928571;0;0;32;0,1428571429;16;0,07142857143;20;0,08928571429;0;0;37;0,1651785714;119;0,53125;19;0,08482142857;0;0;12;0,05357142857;3;0,01339285714;48;0,2142857143;0;0;1;0,004464285714;4;0,01785714286;0;0;13;5,978954082e-05;205;0,9151785714;224;1;212;0,9464285714;221;0,9866071429;176;0,7857142857;224;1;223;0,9955357143;220;0,9821428571;224;1;211;0,9419642857;0,1611;0,1611;0,1611;0,1754;0,127272727272727;0,1546;"No";NA;"No";2022-04-26 07:40:00;-15;-122,28747;47,72606;"53033000102";99752,3333333333;"50-100K";2022-04-26 07:10:00;"No";0,1546
"15";"Chief Sealth International High School";"Go2Work_0800";4018;32903;0,122116524329089;8H 0M 0S;0,591222684861563;2022-04-26 08:00:00;"Chief Sealth ​";2;"8:30 a.m.";"3:20 p.m.";"High School";"Chief Sealth International High School";"2600 SW Thistle St.";"Seattle, WA 98126";"2600 SW Thistle St.,Seattle, WA 98126";2022-04-26 08:55:00;1204;549;0,4559800664;11;0,009136212625;644;0,5348837209;11;0,009136212625;191;0,1586378738;277;0,2300664452;350;0,2906976744;12;0,009966777409;104;0,08637873754;259;0,2151162791;219;0,1818936877;0;0;21;0,01744186047;27;0,02242524917;806;0,6694352159;1;0,0008305647841;3;0,002491694352;52;0,04318936877;18;0,01495016611;242;1,862562223e-05;985;0,8181063123;1195;0,9925249169;1183;0,9825581395;1177;0,9775747508;398;0,3305647841;1203;0,9991694352;1201;0,9975083056;1152;0,9568106312;1186;0,9850498339;962;0,7990033223;0,6138;0,6138;0,6143;0,6265;0,634005763688761;0,6248;"Yes";NA;"No";2022-04-26 08:30:00;-25;-122,36619;47,52889;"53033011401";88389,7291666667;"50-100K";2022-04-26 08:00:00;"Yes";0,6248
"16";"Cleveland High School STEM";"Go2Work_0800";3300;27099;0,121775711280859;8H 0M 0S;0,509280785268829;2022-04-26 08:00:00;"Cleveland​";2;"8:30 a.m.";"3:20 p.m.";"High School";"Cleveland High School";"5511 15th Ave. S";"Seattle, WA 98108";"5511 15th Ave. S,Seattle, WA 98108";2022-04-26 08:45:00;908;411;0,4526431718;2;0,002202643172;495;0,545154185;4;0,004405286344;401;0,4416299559;212;0,2334801762;105;0,1156387665;2;0,002202643172;82;0,09030837004;102;0,1123348018;80;0,08810572687;0;0;39;0,04295154185;21;0,0231277533;519;0,5715859031;0;0;5;0,00550660793;5;0,00550660793;33;0,03634361233;79;2,547109395e-05;828;0,9118942731;907;0,9988986784;869;0,9570484581;887;0,9768722467;389;0,4284140969;908;1;903;0,9944933921;903;0,9944933921;875;0,9636563877;829;0,9129955947;0,5415;0,5415;0,5415;0,5557;0,598163030998852;0,5651;"Yes";NA;"No";2022-04-26 08:30:00;-15;-122,31391;47,5523;"53033010402";77810,325;"50-100K";2022-04-26 08:00:00;"Yes";0,5651
"17";"Concord International School";"Go2Work_0700";1004;9404;0,106763079540621;7H 0M 0S;0,349319438536793;2022-04-26 07:00:00;"Concord​";1;"7:40 a.m.";"2 p.m.";"Elementary School";"Concord International Elementary";"723 S. Concord St.";"Seattle, WA 98108";"723 S. Concord St.,Seattle, WA 98108";2022-04-26 08:55:00;315;165;0,5238095238;1;0,003174603175;149;0,473015873;2;0,006349206349;40;0,126984127;40;0,126984127;155;0,4920634921;6;0,01904761905;25;0,07936507937;47;0,1492063492;146;0,4634920635;0;0;5;0,01587301587;33;0,1047619048;216;0,6857142857;0;0;2;0,006349206349;13;0,04126984127;0;0;38;0,0003325774754;169;0,5365079365;315;1;310;0,9841269841;282;0,8952380952;99;0,3142857143;315;1;313;0,9936507937;302;0,9587301587;315;1;277;0,8793650794;0,6677;0,6677;0,6677;0,7167;0,769452449567723;0,718;"Yes";"School-wide";"School-wide";2022-04-26 07:40:00;-75;-122,324317;47,523545;"53033011200";69304,6666666667;"50-100K";2022-04-26 07:10:00;"Yes";0,718
"18";"Daniel Bagley Elementary School";"Go2Work_0900";1159;12537;0,0924463587780171;9H 0M 0S;0,775225333014278;2022-04-26 09:00:00;"Daniel Bagley​";3;"9:30 a.m.";"4 p.m.";"Elementary School";"Daniel Bagley Elementary";"7821 Stone Ave. N";"Seattle, WA 98103";"7821 Stone Ave. N,Seattle, WA 98103";2022-04-26 07:55:00;322;153;0,4751552795;0;0;169;0,5248447205;0;0;26;0,08074534161;20;0,06211180124;36;0,1118012422;1;0,003105590062;50;0,1552795031;189;0,5869565217;28;0,08695652174;0;0;14;0,04347826087;6;0,01863354037;56;0,1739130435;0;0;1;0,003105590062;8;0,0248447205;4;0,01242236025;58;5,78681378e-05;294;0,9130434783;322;1;308;0,9565217391;316;0,9813664596;266;0,8260869565;322;1;321;0,9968944099;314;0,9751552795;318;0,9875776398;264;0,8198757764;0,1362;0,1362;0,1362;0,1067;0,117647058823529;0,1202;"No";NA;"No";2022-04-26 09:30:00;95;-122,34244;47,68626;"53033002700";118141,785714286;"100-150K";2022-04-26 09:00:00;"No";0,1202
"19";"David T. Denny International Middle School";"Go2Work_0900";1771;32903;0,0538248791903474;9H 0M 0S;0,739962921314166;2022-04-26 09:00:00;"Denny​";3;"9:30 a.m.";"4:20 p.m.";"Middle School";"Denny International Middle School";"2601 SW Kenyon St.";"Seattle, WA 98126";"2601 SW Kenyon St.,Seattle, WA 98126";2022-04-26 07:55:00;856;415;0,4848130841;3;0,003504672897;438;0,511682243;4;0,004672897196;104;0,1214953271;173;0,2021028037;228;0,2663551402;10;0,01168224299;100;0,1168224299;237;0,2768691589;186;0,2172897196;0;0;19;0,02219626168;21;0,02453271028;531;0,6203271028;0;0;4;0,004672897196;26;0,03037383178;12;0,01401869159;158;2,865970827e-05;670;0,7827102804;854;0,9976635514;837;0,9778037383;835;0,9754672897;325;0,3796728972;856;1;852;0,9953271028;830;0,9696261682;844;0,9859813084;698;0,8154205607;0,6539;0,6539;0,6544;0,6878;0,697841726618705;0,6798;"Yes";"School-wide";"School-wide";2022-04-26 09:30:00;95;-122,36605;47,53135;"53033011401";88389,7291666667;"50-100K";2022-04-26 09:00:00;"Yes";0,6798
"20";"Dearborn Park International School";"Go2Work_0900";329;6906;0,0476397335650159;9H 0M 0S;0,653924123950188;2022-04-26 09:00:00;"Dearborn Park​";3;"9:30 a.m.";"4 p.m.";"Elementary School";"Dearborn Park International Elementary";"2820 S Orcas St.";"Seattle, WA 98108";"2820 S Orcas St.,Seattle, WA 98108";2022-04-26 07:55:00;307;162;0,5276872964;4;0,01302931596;141;0,4592833876;3;0,009771986971;124;0,4039087948;64;0,2084690554;42;0,1368078176;2;0,00651465798;36;0,1172638436;36;0,1172638436;120;0,3908794788;0;0;14;0,04560260586;6;0,01954397394;168;0,5472312704;0;0;0;0;4;0,01302931596;0;0;32;6,36611529e-05;187;0,6091205212;306;0,996742671;293;0,9543973941;301;0,9804560261;139;0,4527687296;307;1;307;1;303;0,986970684;307;1;275;0,8957654723;0,5441;0,5441;0,5427;0,6037;0,706552706552707;0,6181;"Yes";"School-wide";"School-wide";2022-04-26 09:30:00;95;-122,296315;47,552265;"53033010401";71524,7;"50-100K";2022-04-26 09:00:00;"Yes";0,6181
"21";"Dunlap Elementary School";"Go2Work_0900";405;7179;0,0564145424153782;9H 0M 0S;0,649115475692993;2022-04-26 09:00:00;"Dunlap​";3;"9:30 a.m.";"4 p.m.";"Elementary School";"Dunlap Elementary";"4525 S Cloverdale St.";"Seattle, WA 98118";"4525 S Cloverdale St.,Seattle, WA 98118";2022-04-26 07:55:00;248;118;0,4758064516;1;0,004032258065;129;0,5201612903;0;0;66;0,2661290323;78;0,314516129;61;0,2459677419;0;0;34;0,1370967742;9;0,03629032258;85;0,3427419355;0;0;10;0,04032258065;42;0,1693548387;179;0,7217741935;1;0,004032258065;1;0,004032258065;9;0,03629032258;0;0;32;0,0006828824142;163;0,6572580645;248;1;238;0,9596774194;206;0,8306451613;69;0,2782258065;247;0,9959677419;247;0,9959677419;239;0,9637096774;248;1;216;0,8709677419;0,5543;0,5543;0,5543;0,6446;0,734082397003745;0,6443;"Yes";"School-wide";"School-wide";2022-04-26 09:30:00;95;-122,274715;47,525035;"53033011801";67905,8181818182;"50-100K";2022-04-26 09:00:00;"Yes";0,6443
"22";"Eckstein Middle School";"Go2Work_0800";7403;48373;0,153039918963058;8H 0M 0S;0,459884646393649;2022-04-26 08:00:00;"Eckstein ​";2;"8:30 a.m.";"3:20 p.m.";"Middle School";"Eckstein Middle School";"3003 NE 75th St.";"Seattle, WA 98115";"3003 NE 75th St.,Seattle, WA 98115";2022-04-26 08:55:00;1055;522;0,4947867299;9;0,008530805687;524;0,4966824645;10;0,009478672986;87;0,08246445498;53;0,05023696682;86;0,08151658768;3;0,002843601896;163;0,1545023697;653;0,618957346;41;0,03886255924;0;0;82;0,07772511848;8;0,007582938389;178;0,1687203791;0;0;4;0,003791469194;20;0,01895734597;47;0,04454976303;146;7,187619326e-06;1014;0,9611374408;1053;0,9981042654;973;0,9222748815;1047;0,9924170616;877;0,8312796209;1055;1;1051;0,9962085308;1035;0,981042654;1008;0,955450237;909;0,8616113744;0,1351;0,1351;0,1351;0,1167;0,134575569358178;0,1288;"No";NA;"No";2022-04-26 08:30:00;-25;-122,29444;47,68164;"53033003800";127185,703125;"100-150K";2022-04-26 08:00:00;"No";0,1288
"23";"Edmonds S. Meany Middle School";"Go2Work_0800";14203;99248;0,143106158310495;8H 0M 0S;0,389509108495889;2022-04-26 08:00:00;"Meany​";2;"8:30 a.m.";"3:20 p.m.";"Middle School";"Meany Middle School";"301 21st Ave. E";"Seattle, WA 98112";"301 21st Ave. E,Seattle, WA 98112";2022-04-26 08:55:00;499;222;0,4448897796;9;0,01803607214;268;0,5370741483;5;0,01002004008;52;0,1042084168;150;0,3006012024;57;0,1142284569;1;0,002004008016;59;0,1182364729;175;0,3507014028;57;0,1142284569;0;0;29;0,05811623246;42;0,08416833667;255;0,5110220441;0;0;1;0,002004008016;21;0,04208416834;11;0,02204408818;91;0,0001686740214;442;0,8857715431;498;0,997995992;470;0,9418837675;457;0,9158316633;244;0,4889779559;499;1;498;0,997995992;478;0,9579158317;488;0,9779559118;408;0,8176352705;0,4447;0,4447;0,4447;0,4415;0,460285132382892;0,4488;"No";NA;"No";2022-04-26 08:30:00;-25;-122,30541;47,62267;"53033007600";110652,044247788;"100-150K";2022-04-26 08:00:00;"No";0,4488
"24";"Emerson Elementary School";"Go2Work_0900";402;10655;0,0377287658376349;9H 0M 0S;0,702956358517128;2022-04-26 09:00:00;"Emerson​";3;"9:30 a.m.";"4 p.m.";"Elementary School";"Emerson Elementary";"9709 60th Ave. S";"Seattle, WA 98118";"9709 60th Ave. S,Seattle, WA 98118";2022-04-26 07:55:00;304;162;0,5328947368;1;0,003289473684;141;0,4638157895;0;0;43;0,1414473684;156;0,5131578947;54;0,1776315789;1;0,003289473684;27;0,08881578947;23;0,07565789474;139;0,4572368421;0;0;7;0,02302631579;15;0,04934210526;226;0,7434210526;0;0;1;0,003289473684;12;0,03947368421;0;0;47;0,0001623095568;165;0,5427631579;302;0,9934210526;297;0,9769736842;289;0,9506578947;78;0,2565789474;304;1;303;0,9967105263;292;0,9605263158;304;1;257;0,8453947368;0,6479;0,6479;0,6479;0,6375;0,677304964539007;0,6542;"Yes";"School-wide";"School-wide";2022-04-26 09:30:00;95;-122,25873;47,514765;"53033011802";88875,2666666667;"50-100K";2022-04-26 09:00:00;"Yes";0,6542
"25";"Fairmount Park Elementary School";"Go2Work_0700";1115;13049;0,0854471607019695;7H 0M 0S;0,240478197563032;2022-04-26 07:00:00;"Fairmount Park​";1;"7:40 a.m.";"2 p.m.";"Elementary School";"Fairmount Park Elementary";"3800 SW Findlay St.";"Seattle, WA 98126";"3800 SW Findlay St.,Seattle, WA 98126";2022-04-26 07:55:00;437;217;0,4965675057;0;0;220;0,5034324943;4;0,009153318078;34;0,07780320366;33;0,07551487414;48;0,1098398169;0;0;80;0,1830663616;238;0,5446224256;29;0,06636155606;0;0;70;0,1601830664;3;0,006864988558;88;0,2013729977;0;0;3;0,006864988558;11;0,02517162471;3;0,006864988558;81;1,570935597e-05;408;0,9336384439;436;0,9977116705;367;0,8398169336;434;0,9931350114;349;0,7986270023;437;1;434;0,9931350114;426;0,9748283753;434;0,9931350114;356;0,8146453089;0,1314;0,1314;0,1314;0,126;0,139925373134328;0,1324;"No";NA;"No";2022-04-26 07:40:00;-15;-122,380245;47,55264;"53033010501";107002,466666667;"100-150K";2022-04-26 07:10:00;"No";0,1324
"26";"Franklin High School";"Go2Work_0800";5122;37810;0,135466807722825;8H 0M 0S;0,499471039407564;2022-04-26 08:00:00;"Franklin​";2;"8:30 a.m.";"3:20 p.m.";"High School";"Franklin High School";"3013 S Mt Baker Blvd.";"Seattle, WA 98144";"3013 S Mt Baker Blvd.,Seattle, WA 98144";2022-04-26 08:45:00;1284;631;0,4914330218;5;0,003894080997;648;0,5046728972;3;0,002336448598;481;0,3746105919;348;0,2710280374;217;0,1690031153;8;0,006230529595;79;0,06152647975;148;0,1152647975;280;0,2180685358;0;0;33;0,02570093458;41;0,03193146417;870;0,6775700935;1;0,0007788161994;4;0,003115264798;35;0,02725856698;11;0,008566978193;157;2,486874157e-05;1004;0,7819314642;1281;0,9976635514;1251;0,9742990654;1243;0,9680685358;414;0,3224299065;1283;0,9992211838;1280;0,9968847352;1249;0,972741433;1273;0,9914330218;1127;0,8777258567;0,6233;0,6228;0,6228;0,6469;0,680155642023346;0,6501;"Yes";NA;"No";2022-04-26 08:30:00;-15;-122,293;47,576215;"53033009500";86920,3035714286;"50-100K";2022-04-26 08:00:00;"Yes";0,6501
"27";"Frantz Coe Elementary School";"Go2Work_0700";853;12617;0,0676071966394547;7H 0M 0S;0,148133470714116;2022-04-26 07:00:00;"Coe​";1;"7:40 a.m.";"2 p.m.";"Elementary School";"Coe Elementary";"2424 7th Ave. W";"Seattle, WA 98119";"2424 7th Ave. W,Seattle, WA 98119";2022-04-26 07:55:00;446;228;0,5112107623;0;0;218;0,4887892377;0;0;46;0,1031390135;12;0,0269058296;27;0,06053811659;1;0,002242152466;67;0,1502242152;293;0,6569506726;20;0,04484304933;0;0;33;0,07399103139;1;0,002242152466;33;0,07399103139;0;0;1;0,002242152466;7;0,01569506726;4;0,008968609865;65;5,027247682e-06;426;0,9551569507;444;0,9955156951;413;0,9260089686;445;0,9977578475;413;0,9260089686;446;1;445;0,9977578475;439;0,9843049327;442;0,9910313901;381;0,8542600897;0,0488;0,0488;0,0488;0,0542;0,0767857142857143;0,0599;"No";NA;"No";2022-04-26 07:40:00;-15;-122,3656;47,64059;"53033005902";131186,235294118;"100-150K";2022-04-26 07:10:00;"No";0,0599
"28";"Garfield High School";"Go2Work_0800";14621;102907;0,142079741902883;8H 0M 0S;0,387884206127863;2022-04-26 08:00:00;"Garfield ​";2;"8:30 a.m.";"3:20 p.m.";"High School";"Garfield High School";"400 23rd Ave.";"Seattle, WA 98122";"400 23rd Ave.,Seattle, WA 98122";2022-04-26 08:45:00;1679;796;0,4740917213;18;0,01072066706;865;0,5151876117;6;0,003573555688;214;0,1274568195;448;0,2668254914;126;0,07504466945;10;0,005955926147;189;0,1125670042;686;0,4085765337;113;0,06730196546;0;0;486;0,2894580107;41;0,0244192972;634;0,3776057177;0;0;12;0,007147111376;68;0,0405002978;54;0,03216200119;159;1,454395307e-05;1566;0,9326980345;1675;0,9976176295;1193;0,7105419893;1638;0,9755807028;1045;0,6223942823;1679;1;1667;0,9928528886;1611;0,9594997022;1625;0,9678379988;1520;0,9053007743;0,2948;0,295;0,2937;0,2985;0,303340517241379;0,2989;"No";NA;"No";2022-04-26 08:30:00;-15;-122,30182;47,60513;"53033008800";108513,093220339;"100-150K";2022-04-26 08:00:00;"No";0,2989
"29";"Gatewood Elementary School";"Go2Work_0700";759;7613;0,0996978851963746;7H 0M 0S;0,31774596085643;2022-04-26 07:00:00;"Gatewood​";1;"7:40 a.m.";"2 p.m.";"Elementary School";"Gatewood Elementary";"4320 SW Myrtle St.";"Seattle, WA 98136";"4320 SW Myrtle St.,Seattle, WA 98136";2022-04-26 07:55:00;349;156;0,446991404;1;0,002865329513;192;0,5501432665;1;0,002865329513;12;0,03438395415;17;0,04871060172;26;0,07449856734;1;0,002865329513;50;0,1432664756;242;0,6934097421;17;0,04871060172;0;0;4;0,01146131805;4;0,01146131805;51;0,1461318052;0;0;2;0,005730659026;5;0,01432664756;4;0,01146131805;38;3,284045287e-05;332;0,9512893983;346;0,9914040115;345;0,9885386819;345;0,9885386819;298;0,8538681948;349;1;347;0,994269341;344;0,9856733524;345;0,9885386819;311;0,8911174785;0,1421;0,1421;0,1421;0,1671;0,212765957446809;0,174;"No";NA;"No";2022-04-26 07:40:00;-15;-122,3885;47,54025;"53033010602";114905,909090909;"100-150K";2022-04-26 07:10:00;"No";0,174
"30";"Genesee Hill Elementary";"Go2Work_0700";1173;10880;0,1078125;7H 0M 0S;0,273161764705882;2022-04-26 07:00:00;"Genesee Hill​";1;"7:40 a.m.";"2 p.m.";"Elementary School";"Genesee Hill Elementary";"5013 SW Dakota St.";"Seattle, WA 98116";"5013 SW Dakota St.,Seattle, WA 98116";2022-04-26 07:55:00;543;282;0,5193370166;2;0,003683241252;259;0,4769797422;2;0,003683241252;10;0,01841620626;16;0,02946593002;44;0,08103130755;0;0;80;0,1473296501;391;0,7200736648;18;0,03314917127;0;0;8;0,01473296501;2;0,003683241252;50;0,09208103131;0;0;3;0,005524861878;3;0,005524861878;3;0,005524861878;100;6,783133061e-06;525;0,9668508287;541;0,9963167587;535;0,985267035;541;0,9963167587;493;0,9079189687;543;1;540;0,9944751381;540;0,9944751381;540;0,9944751381;443;0,8158379374;0,0753;0,0753;0,0753;0,0826;0,0891364902506964;0,0823;"No";NA;"No";2022-04-26 07:40:00;-15;-122,39654;47,56628;"53033009702";125603,785714286;"100-150K";2022-04-26 07:10:00;"No";0,0823
"31";"Graham Hill Elementary School";"Go2Work_0700";569;8650;0,0657803468208092;7H 0M 0S;0,286820809248555;2022-04-26 07:00:00;"Graham Hill​";1;"7:40 a.m.";"2 p.m.";"Elementary School";"Graham Hill Elementary";"5149 S Graham St.";"Seattle, WA 98118";"5149 S Graham St.,Seattle, WA 98118";2022-04-26 07:55:00;267;111;0,4157303371;0;0;156;0,5842696629;0;0;42;0,1573033708;94;0,3520599251;55;0,2059925094;2;0,007490636704;23;0,0861423221;51;0,191011236;97;0,3632958801;0;0;8;0,02996254682;20;0,07490636704;151;0,5655430712;0;0;3;0,01123595506;12;0,04494382022;1;0,003745318352;42;0,0002805481912;170;0,6367041199;265;0,9925093633;259;0,9700374532;247;0,925093633;116;0,4344569288;267;1;264;0,9887640449;255;0,9550561798;266;0,9962546816;225;0,8426966292;0,5289;0,5289;0,5273;0,5652;0,620111731843575;0,5714;"Yes";"School-wide";"School-wide";2022-04-26 07:40:00;-15;-122,26855;47,54579;"53033011102";99959,5833333333;"50-100K";2022-04-26 07:10:00;"Yes";0,5714
"32";"Green Lake Elementary School";"Go2Work_0900";3236;30442;0,106300505880034;9H 0M 0S;0,674462913080612;2022-04-26 09:00:00;"Green Lake​";3;"9:30 a.m.";"4 p.m.";"Elementary School";"Green Lake Elementary";"2400 N 65th St.";"Seattle, WA 98103";"2400 N 65th St.,Seattle, WA 98103";2022-04-26 07:55:00;308;168;0,5454545455;1;0,003246753247;139;0,4512987013;0;0;26;0,08441558442;17;0,05519480519;17;0,05519480519;1;0,003246753247;46;0,1493506494;201;0,6525974026;30;0,0974025974;0;0;9;0,02922077922;3;0,00974025974;49;0,1590909091;0;0;2;0,006493506494;16;0,05194805195;2;0,006493506494;44;3,162421994e-05;278;0,9025974026;308;1;299;0,9707792208;305;0,9902597403;259;0,8409090909;308;1;306;0,9935064935;292;0,9480519481;306;0,9935064935;264;0,8571428571;0,096;0,096;0,096;0,1106;0,120092378752887;0,1089;"No";NA;"No";2022-04-26 09:30:00;95;-122,32845;47,67603;"53033003601";104758,125;"100-150K";2022-04-26 09:00:00;"No";0,1089
"33";"Greenwood Elementary School";"Go2Work_0900";840;9388;0,0894759267149553;9H 0M 0S;0,788666382616106;2022-04-26 09:00:00;"Greenwood​";3;"9:30 a.m.";"4 p.m.";"Elementary School";"Greenwood Elementary";"144 NW 80th St.";"Seattle, WA 98117";"144 NW 80th St.,Seattle, WA 98117";2022-04-26 07:55:00;317;164;0,5173501577;3;0,009463722397;150;0,4731861199;2;0,006309148265;11;0,03470031546;13;0,04100946372;20;0,06309148265;3;0,009463722397;40;0,1261829653;228;0,7192429022;13;0,04100946372;0;0;23;0,07255520505;7;0,02208201893;39;0,1230283912;0;0;0;0;10;0,03154574132;7;0,02208201893;41;6,96593657e-05;304;0,9589905363;317;1;294;0,927444795;310;0,9779179811;278;0,8769716088;317;1;317;1;307;0,9684542587;310;0,9779179811;276;0,8706624606;0,1184;0,1184;0,1184;0,1227;0,127536231884058;0,1229;"No";NA;"No";2022-04-26 09:30:00;95;-122,36005;47,68728;"53033002900";110139,181818182;"100-150K";2022-04-26 09:00:00;"No";0,1229
"34";"Hamilton International Middle School";"Go2Work_0800";7633;53220;0,143423524990605;8H 0M 0S;0,418376550169109;2022-04-26 08:00:00;"Hamilton​";2;"8:30 a.m.";"3:20 p.m.";"Middle School";"Hamilton International Middle School";"1610 N 41st St.";"Seattle, WA 98103";"1610 N 41st St.,Seattle, WA 98103";2022-04-26 08:55:00;924;439;0,4751082251;11;0,0119047619;474;0,512987013;1;0,001082251082;77;0,08333333333;24;0,02597402597;101;0,1093073593;2;0,002164502165;139;0,1504329004;580;0,6277056277;14;0,01515151515;0;0;302;0,3268398268;2;0,002164502165;89;0,09632034632;0;0;4;0,004329004329;7;0,007575757576;27;0,02922077922;97;2,34253481e-06;910;0,9848484848;923;0,9989177489;622;0,6731601732;922;0,9978354978;835;0,9036796537;924;1;920;0,9956709957;917;0,9924242424;897;0,9707792208;827;0,895021645;0,0888;0,0888;0,0887;0,0885;0,0882352941176471;0,0885;"No";NA;"No";2022-04-26 08:30:00;-25;-122,33802;47,657455;"53033005000";106714,253731343;"100-150K";2022-04-26 08:00:00;"No";0,0885
"35";"Hawthorne Elementary School";"Go2Work_0700";765;11361;0,0673356218642725;7H 0M 0S;0,23175776780213;2022-04-26 07:00:00;"Hawthorne​";1;"7:40 a.m.";"2 p.m.";"Elementary School";"Hawthorne Elementary";"4100 39th Ave. S";"Seattle, WA 98118";"4100 39th Ave. S,Seattle, WA 98118";2022-04-26 07:55:00;370;178;0,4810810811;2;0,005405405405;190;0,5135135135;1;0,002702702703;37;0,1;53;0,1432432432;54;0,1459459459;0;0;55;0,1486486486;170;0,4594594595;52;0,1405405405;0;0;35;0,09459459459;16;0,04324324324;115;0,3108108108;0;0;0;0;15;0,04054054054;0;0;48;0,0001168736304;318;0,8594594595;370;1;335;0,9054054054;354;0,9567567568;255;0,6891891892;370;1;370;1;355;0,9594594595;370;1;322;0,8702702703;0,3977;0,3977;0,3977;0,4566;0,523341523341523;0,4592;"No";"School-wide";"School-wide";2022-04-26 07:40:00;-15;-122,283375;47,565715;"53033010102";103826,941176471;"100-150K";2022-04-26 07:10:00;"No";0,4592
"36";"Hazel Wolf K-8";"Go2Work_0900";3553;41142;0,0863594380438481;9H 0M 0S;0,748383646881532;2022-04-26 09:00:00;"Hazel Wolf​";3;"9:30 a.m.";"4 p.m.";"K-8";"Hazel Wolf K-8";"11530 12th Ave. NE";"Seattle, WA 98125";"11530 12th Ave. NE,Seattle, WA 98125";2022-04-26 08:55:00;709;347;0,4894217207;5;0,007052186178;357;0,5035260931;0;0;80;0,1128349788;63;0,08885754584;48;0,06770098731;4;0,005641748942;107;0,1509167842;407;0,5740479549;76;0,1071932299;0;0;40;0,05641748942;4;0,005641748942;128;0,1805359661;0;0;4;0,005641748942;5;0,007052186178;18;0,02538787024;100;7,957332782e-06;633;0,8928067701;707;0,9971791255;669;0,9435825106;705;0,9943582511;581;0,8194640339;709;1;705;0,9943582511;704;0,9929478138;691;0,9746121298;609;0,8589562764;0,1452;0,1452;0,1452;0,1829;0,210597826086957;0,1796;"No";NA;"No";2022-04-26 09:30:00;35;-122,314505;47,713435;"53033000601";98810,3103448276;"50-100K";2022-04-26 09:00:00;"No";0,1796
"37";"Highland Park Elementary School";"Go2Work_0700";986;9384;0,105072463768116;7H 0M 0S;0,375745950554135;2022-04-26 07:00:00;"Highland Park​";1;"7:40 a.m.";"2 p.m.";"Elementary School";"Highland Park Elementary";"1012 SW Trenton St.";"Seattle, WA 98106";"1012 SW Trenton St.,Seattle, WA 98106";2022-04-26 07:55:00;296;135;0,4560810811;0;0;161;0,5439189189;1;0,003378378378;49;0,1655405405;50;0,1689189189;89;0,3006756757;4;0,01351351351;33;0,1114864865;70;0,2364864865;85;0,2871621622;0;0;7;0,02364864865;17;0,05743243243;176;0,5945945946;0;0;3;0,01013513514;11;0,03716216216;0;0;37;0,0001940284879;211;0,7128378378;295;0,9966216216;289;0,9763513514;279;0,9425675676;120;0,4054054054;296;1;293;0,9898648649;285;0,9628378378;296;1;259;0,875;0,621;0,621;0,621;0,6476;0,732704402515723;0,6671;"Yes";"School-wide";"School-wide";2022-04-26 07:40:00;-15;-122,34855;47,52544;"53033011300";77489,3333333333;"50-100K";2022-04-26 07:10:00;"Yes";0,6671
"38";"Ingraham High School";"Go2Work_0800";5990;47818;0,125266635994814;8H 0M 0S;0,516834664770588;2022-04-26 08:00:00;"Ingraham​";2;"8:30 a.m.";"3:20 p.m.";"High School";"Ingraham High School";"1819 N 135th St.";"Seattle, WA 98133";"1819 N 135th St.,Seattle, WA 98133";2022-04-26 08:55:00;1462;721;0,4931600547;16;0,01094391245;725;0,4958960328;6;0,004103967168;130;0,08891928865;159;0,10875513;249;0,1703146375;5;0,00341997264;158;0,1080711354;755;0,5164158687;141;0,09644322845;0;0;300;0,2051983584;45;0,03077975376;450;0,3077975376;22;0,01504787962;3;0,002051983584;46;0,03146374829;53;0,03625170999;226;2,105318315e-05;1321;0,9035567715;1458;0,9972640219;1162;0,7948016416;1417;0,9692202462;1012;0,6922024624;1440;0,9849521204;1459;0,9979480164;1416;0,9685362517;1409;0,96374829;1236;0,8454172367;0,2592;0,2592;0,2587;0,2749;0,271613832853026;0,2686;"No";NA;"No";2022-04-26 08:30:00;-25;-122,3379;47,72623;"53033000602";103333,682539683;"100-150K";2022-04-26 08:00:00;"No";0,2686
"39";"Jane Addams Middle School";"Go2Work_0800";5394;37731;0,142959370279081;8H 0M 0S;0,516180329172299;2022-04-26 08:00:00;"Jane Addams";2;"8:30 a.m.";"3:20 p.m.";"Middle School";"Jane Addams Middle School";"11051 34th Ave. NE";"Seattle, WA 98125";"11051 34th Ave. NE,Seattle, WA 98125";2022-04-26 08:55:00;965;449;0,4652849741;20;0,0207253886;496;0,5139896373;3;0,00310880829;138;0,1430051813;93;0,09637305699;140;0,1450777202;1;0,00103626943;132;0,1367875648;458;0,474611399;86;0,08911917098;0;0;325;0,3367875648;35;0,03626943005;308;0,3191709845;1;0,00103626943;4;0,00414507772;24;0,02487046632;16;0,01658031088;150;3,758490161e-05;879;0,910880829;964;0,9989637306;640;0,6632124352;930;0,9637305699;657;0,6808290155;964;0,9989637306;961;0,9958549223;941;0,9751295337;949;0,9834196891;815;0,8445595855;0,2906;0,2906;0,2906;0,2674;0,254644808743169;0,2709;"No";NA;"No";2022-04-26 08:30:00;-25;-122,29275;47,70986;"53033001000";101785,945454545;"100-150K";2022-04-26 08:00:00;"No";0,2709
"40";"John Hay Elementary School";"Go2Work_0900";4579;29060;0,157570543702684;9H 0M 0S;0,713007570543703;2022-04-26 09:00:00;"John Hay​";3;"9:30 a.m.";"4 p.m.";"Elementary School";"John Hay Elementary";"201 Garfield St.";"Seattle, WA 98109";"201 Garfield St.,Seattle, WA 98109";2022-04-26 07:55:00;305;138;0,4524590164;0;0;167;0,5475409836;0;0;46;0,1508196721;14;0,04590163934;49;0,1606557377;0;0;46;0,1508196721;150;0,4918032787;43;0,1409836066;0;0;12;0,0393442623;10;0,03278688525;47;0,1540983607;1;0,003278688525;8;0,0262295082;21;0,06885245902;0;0;49;0,0001074979844;262;0,8590163934;305;1;293;0,9606557377;295;0,9672131148;258;0,8459016393;304;0,9967213115;297;0,9737704918;284;0,931147541;305;1;256;0,8393442623;0,1006;0,1006;0,1006;0,1206;0,118126272912424;0,1131;"No";NA;"No";2022-04-26 09:30:00;95;-122,35177;47,63293;"53033006800";117291,15625;"100-150K";2022-04-26 09:00:00;"No";0,1131
"41";"John Muir Elementary School";"Go2Work_0900";729;7486;0,0973817793213999;9H 0M 0S;0,764627304301362;2022-04-26 09:00:00;"John Muir​";3;"9:30 a.m.";"4 p.m.";"Elementary School";"John Muir Elementary";"3301 S Horton St.";"Seattle, WA 98144";"3301 S Horton St.,Seattle, WA 98144";2022-04-26 07:55:00;336;159;0,4732142857;0;0;177;0,5267857143;0;0;30;0,08928571429;173;0,5148809524;38;0,1130952381;1;0,002976190476;34;0,1011904762;60;0,1785714286;112;0,3333333333;0;0;12;0,03571428571;11;0,03273809524;206;0,6130952381;0;0;2;0,005952380952;11;0,03273809524;0;0;52;9,743480726e-05;224;0,6666666667;329;0,9791666667;324;0,9642857143;325;0,9672619048;130;0,3869047619;336;1;334;0,994047619;325;0,9672619048;336;1;284;0,8452380952;0,5801;0,5801;0,5801;0,5906;0,665730337078652;0,6121;"Yes";"School-wide";"School-wide";2022-04-26 09:30:00;95;-122,29067;47,573255;"53033009500";107090,818181818;"100-150K";2022-04-26 09:00:00;"Yes";0,6121
"42";"John Rogers Elementary School";"Go2Work_0700";1237;11899;0,103958315824859;7H 0M 0S;0,23052357340953;2022-04-26 07:00:00;"John Rogers​";1;"7:40 a.m.";"2 p.m.";"Elementary School";"John Rogers Elementary";"4030 NE 109th St.";"Seattle, WA 98125";"4030 NE 109th St.,Seattle, WA 98125";2022-04-26 07:55:00;267;129;0,4831460674;0;0;138;0,5168539326;2;0,007490636704;22;0,08239700375;64;0,2397003745;32;0,1198501873;1;0,003745318352;36;0,1348314607;110;0,4119850187;51;0,191011236;0;0;7;0,02621722846;25;0,0936329588;101;0,3782771536;1;0,003745318352;1;0,003745318352;10;0,03745318352;0;0;35;0,000350685239;216;0,808988764;267;1;260;0,9737827715;242;0,9063670412;166;0,6217228464;266;0,9962546816;266;0,9962546816;257;0,9625468165;267;1;232;0,8689138577;0,3673;0,3673;0,3673;0,379;0,39541547277937;0,3806;"No";"School-wide";"School-wide";2022-04-26 07:40:00;-15;-122,28478;47,70646;"53033000800";109656,470588235;"100-150K";2022-04-26 07:10:00;"No";0,3806
"43";"John Stanford International School";"Go2Work_0700";4426;55155;0,0802465778261264;7H 0M 0S;0,155416553349651;2022-04-26 07:00:00;"John Stanford​";1;"7:40 a.m.";"2 p.m.";"Elementary School";"John Stanford International Elementary";"4057 5th Ave. NE";"Seattle, WA 98105";"4057 5th Ave. NE,Seattle, WA 98105";2022-04-26 07:55:00;443;247;0,5575620767;2;0,004514672686;194;0,4379232506;0;0;41;0,09255079007;7;0,0158013544;107;0,2415349887;0;0;93;0,2099322799;195;0,4401805869;67;0,151241535;0;0;35;0,07900677201;0;0;36;0,08126410835;0;0;4;0,009029345372;7;0,0158013544;2;0,004514672686;46;0;376;0,848758465;443;1;408;0,920993228;443;1;407;0,9187358916;443;1;439;0,9909706546;436;0,9841986456;441;0,9954853273;397;0,8961625282;0,0708;0,0708;0,0708;0,0662;0,081858407079646;0,073;"No";NA;"No";2022-04-26 07:40:00;-15;-122,32402;47,65735;"53033005201";107008,695652174;"100-150K";2022-04-26 07:10:00;"No";0,073
"44";"Kimball Elementary School";"Go2Work_0700";499;8306;0,0600770527329641;7H 0M 0S;0,241271370093908;2022-04-26 07:00:00;"Kimball​";1;"7:40 a.m.";"2 p.m.";"Elementary School";"Kimball Elementary";"7201 Beacon Ave. S";"Seattle, WA 98108";"7201 Beacon Ave. S,Seattle, WA 98108";2022-04-26 07:55:00;367;173;0,4713896458;2;0,005449591281;192;0,5231607629;1;0,00272479564;71;0,1934604905;100;0,272479564;54;0,1471389646;0;0;42;0,1144414169;99;0,2697547684;117;0,3188010899;0;0;23;0,06267029973;11;0,02997275204;169;0,4604904632;0;0;4;0,01089918256;6;0,01634877384;1;0,00272479564;71;8,16696241e-05;250;0,6811989101;365;0,9945504087;344;0,9373297003;356;0,970027248;198;0,5395095368;367;1;363;0,9891008174;361;0,9836512262;366;0,9972752044;296;0,8065395095;0,4161;0,4161;0,4161;0,4384;0,472972972972973;0,4425;"No";"School-wide";"School-wide";2022-04-26 07:40:00;-15;-122,29591;47,53809;"53033011002";81928,8333333333;"50-100K";2022-04-26 07:10:00;"No";0,4425
"45";"Lafayette Elementary School";"Go2Work_0800";1076;12165;0,0884504726674887;8H 0M 0S;0,521989313604603;2022-04-26 08:00:00;"Lafayette​";2;"8:30 a.m.";"3 p.m.";"Elementary School";"Lafayette Elementary";"2645 California Ave. SW";"Seattle, WA 98116";"2645 California Ave. SW,Seattle, WA 98116";2022-04-26 07:55:00;457;228;0,4989059081;1;0,002188183807;228;0,4989059081;1;0,002188183807;23;0,05032822757;24;0,05251641138;49;0,1072210066;3;0,006564551422;82;0,1794310722;275;0,601750547;21;0,04595185996;0;0;16;0,03501094092;7;0,01531728665;81;0,1772428884;0;0;15;0,03282275711;12;0,02625820569;0;0;71;3,351703863e-05;436;0,95404814;457;1;441;0,9649890591;450;0,9846827133;376;0,8227571116;457;1;442;0,9671772429;445;0,9737417943;457;1;386;0,8446389497;0,1351;0,1351;0,1351;0,1332;0,145038167938931;0,1378;"No";NA;"No";2022-04-26 08:30:00;35;-122,387;47,5799;"53033009801";119476,4;"100-150K";2022-04-26 08:00:00;"No";0,1378
"46";"Laurelhurst Elementary School";"Go2Work_0900";1845;17787;0,103727441389779;9H 0M 0S;0,633665036262439;2022-04-26 09:00:00;"Laurelhurst​";3;"9:30 a.m.";"4 p.m.";"Elementary School";"Laurelhurst Elementary";"4530 46th Ave. NE";"Seattle, WA 98105";"4530 46th Ave. NE,Seattle, WA 98105";2022-04-26 07:55:00;242;112;0,4628099174;1;0,004132231405;129;0,5330578512;1;0,004132231405;29;0,1198347107;21;0,0867768595;27;0,1115702479;0;0;40;0,1652892562;124;0,5123966942;23;0,09504132231;0;0;11;0,04545454545;2;0,00826446281;73;0,3016528926;0;0;3;0,01239669421;10;0,04132231405;0;0;50;3,415067277e-05;219;0,9049586777;241;0,9958677686;231;0,9545454545;240;0,9917355372;169;0,6983471074;242;1;239;0,9876033058;232;0,958677686;242;1;192;0,7933884298;0,2435;0,2435;0,2427;0,2815;0,23728813559322;0,2541;"No";NA;"No";2022-04-26 09:30:00;95;-122,27785;47,6622;"53033004102";113035,434782609;"100-150K";2022-04-26 09:00:00;"No";0,2541
"47";"Lawton Elementary School";"Go2Work_0700";919;11344;0,0810119887165021;7H 0M 0S;0,199047954866008;2022-04-26 07:00:00;"Lawton​";1;"7:40 a.m.";"2 p.m.";"Elementary School";"Lawton Elementary";"4000 27th Ave. W";"Seattle, WA 98199";"4000 27th Ave. W,Seattle, WA 98199";2022-04-26 07:55:00;333;169;0,5075075075;0;0;164;0,4924924925;0;0;23;0,06906906907;7;0,02102102102;22;0,06606606607;0;0;51;0,1531531532;230;0,6906906907;11;0,03303303303;0;0;19;0,05705705706;0;0;23;0,06906906907;0;0;2;0,006006006006;4;0,01201201201;1;0,003003003003;50;0;322;0,966966967;333;1;314;0,9429429429;333;1;310;0,9309309309;333;1;331;0,993993994;329;0,987987988;332;0,996996997;283;0,8498498498;0,063;0,063;0,063;0,0598;0,0551876379690949;0,0593;"No";NA;"No";2022-04-26 07:40:00;-15;-122,39047;47,65671;"53033005801";124400,928571429;"100-150K";2022-04-26 07:10:00;"No";0,0593
"48";"Leschi Elementary School";"Go2Work_0700";964;11260;0,0856127886323268;7H 0M 0S;0,180195381882771;2022-04-26 07:00:00;"Leschi​";1;"7:40 a.m.";"2 p.m.";"Elementary School";"Leschi Elementary";"135 32nd Ave.";"Seattle, WA 98122";"135 32nd Ave.,Seattle, WA 98122";2022-04-26 07:55:00;311;150;0,4823151125;2;0,006430868167;159;0,5112540193;0;0;7;0,02250803859;119;0,3826366559;34;0,1093247588;4;0,01286173633;36;0,115755627;111;0,3569131833;39;0,1254019293;0;0;12;0,038585209;21;0,06752411576;148;0,4758842444;0;0;0;0;16;0,05144694534;0;0;45;0,0002171193433;272;0,8745980707;307;0,9871382637;299;0,961414791;290;0,9324758842;163;0,5241157556;311;1;311;1;295;0,9485530547;311;1;266;0,8553054662;0,437;0,437;0,437;0,4628;0,470149253731343;0,4566;"No";"School-wide";"School-wide";2022-04-26 07:40:00;-15;-122,29181;47,60211;"53033007800";133567,307692308;"100-150K";2022-04-26 07:10:00;"No";0,4566
"49";"Licton Springs K-8";"Go2Work_0900";2987;30149;0,099074596172344;9H 0M 0S;0,76440346280142;2022-04-26 09:00:00;"Licton Springs​";3;"9:30 a.m.";"4 p.m.";"K-8";"Licton Springs K-8";"3015 NW 68th St.";"Seattle, WA 98117";"3015 NW 68th St.,Seattle, WA 98117";2022-04-26 08:55:00;100;45;0,45;0;0;55;0,55;4;0,04;3;0,03;6;0,06;18;0,18;0;0;15;0,15;54;0,54;19;0,19;0;0;2;0,02;4;0,04;52;0,52;1;0,01;1;0,01;8;0,08;1;0,01;23;4e-04;81;0,81;100;1;98;0,98;96;0,96;48;0,48;99;0,99;99;0,99;92;0,92;99;0,99;77;0,77;0,5427;0,5427;0,5427;0,5257;0,5;0,5228;"Yes";"School-wide";"School-wide";2022-04-26 09:30:00;35;-122,39637;47,67793;"53033003202";122558,641025641;"100-150K";2022-04-26 09:00:00;"Yes";0,5228
"50";"Lincoln High School";"Go2Work_0800";10995;75615;0,145407657210871;8H 0M 0S;0,408292005554453;2022-04-26 08:00:00;"Lincoln​";2;"8:30 a.m.";"3:20 p.m.";"High School";"Lincoln High School";"4400 Interlake Ave. N";"Seattle, WA 98103";"4400 Interlake Ave. N,Seattle, WA 98103";2022-04-26 08:45:00;1387;587;0,4232155732;24;0,0173035328;776;0,559480894;4;0,002883922134;116;0,08363374189;51;0,03677000721;134;0,09661139149;1;0,0007209805335;184;0,1326604182;897;0,6467195386;23;0,01658255227;0;0;475;0,3424657534;9;0,006488824802;164;0,1182408075;4;0,002883922134;6;0,004325883201;31;0,02235039654;72;0,05191059841;155;4,678316368e-06;1364;0,9834174477;1386;0,9992790195;912;0,6575342466;1378;0,9935111752;1223;0,8817591925;1383;0,9971160779;1381;0,9956741168;1356;0,9776496035;1315;0,9480894016;1232;0,8882480173;0,0661;0,0661;0,0661;NA;NA;0,0661;"No";NA;"No";2022-04-26 08:30:00;-15;-122,33977;47,66003;"53033005000";110776,173913043;"100-150K";2022-04-26 08:00:00;"No";0,0661
"51";"Louisa Boren STEM K-8";"Go2Work_0900";1622;26828;0,0604592217086626;9H 0M 0S;0,740569554197107;2022-04-26 09:00:00;"Louisa Boren STEM K-8​";3;"9:30 a.m.";"4 p.m.";"K-8";"Louisa Boren K-8";"5950 Delridge Way SW";"Seattle, WA 98106";"5950 Delridge Way SW,Seattle, WA 98106";2022-04-26 08:55:00;498;216;0,4337349398;0;0;282;0,5662650602;1;0,002008032129;45;0,09036144578;97;0,1947791165;60;0,1204819277;0;0;62;0,124497992;233;0,4678714859;51;0,1024096386;0;0;18;0,03614457831;4;0,008032128514;166;0,3333333333;0;0;3;0,006024096386;3;0,006024096386;4;0,008032128514;90;1,612877212e-05;447;0,8975903614;497;0,9979919679;480;0,9638554217;494;0,9919678715;332;0,6666666667;498;1;495;0,9939759036;495;0,9939759036;494;0,9919678715;408;0,8192771084;0,3094;0,3094;0,3094;0,2602;0,263059701492537;0,2776;"No";"Targeted Assistance";"Targeted Assistance";2022-04-26 09:30:00;35;-122,36214;47,54862;"53033010800";91992,8823529412;"50-100K";2022-04-26 09:00:00;"No";0,2776
"52";"Lowell Elementary School";"Go2Work_0900";8155;64278;0,126870780049161;9H 0M 0S;0,644186191231837;2022-04-26 09:00:00;"Lowell​";3;"9:30 a.m.";"4 p.m.";"Elementary School";"Lowell Elementary";"1058 E Mercer St.";"Seattle, WA 98102";"1058 E Mercer St.,Seattle, WA 98102";2022-04-26 08:55:00;287;148;0,5156794425;4;0,01393728223;135;0,4703832753;3;0,01045296167;44;0,1533101045;78;0,2717770035;49;0,1707317073;6;0,02090592334;37;0,1289198606;70;0,243902439;60;0,2090592334;0;0;3;0,01045296167;63;0,2195121951;198;0,6898954704;0;0;4;0,01393728223;24;0,08362369338;2;0,006968641115;70;0,0007648508541;227;0,7909407666;284;0,9895470383;284;0,9895470383;224;0,7804878049;89;0,3101045296;287;1;283;0,9860627178;263;0,9163763066;285;0,9930313589;217;0,756097561;0,6022;0,6022;0,6022;0,6556;0,649425287356322;0,6357;"Yes";"School-wide";"School-wide";2022-04-26 09:30:00;35;-122,31832;47,624565;"53033006500";100158,771428571;"100-150K";2022-04-26 09:00:00;"Yes";0,6357
"53";"Loyal Heights Elementary School";"Go2Work_0700";1536;13252;0,115907032900694;7H 0M 0S;0,250452761847268;2022-04-26 07:00:00;"Loyal Heights​";1;"7:40 a.m.";"2 p.m.";"Elementary School";"Loyal Heights Elementary";"7735 25th Ave. NW";"Seattle, WA 98117";"7735 25th Ave. NW,Seattle, WA 98117";2022-04-26 07:55:00;477;242;0,5073375262;1;0,002096436059;234;0,4905660377;0;0;21;0,04402515723;7;0,01467505241;40;0,08385744235;0;0;52;0,1090146751;357;0,748427673;16;0,03354297694;0;0;22;0,04612159329;1;0,002096436059;48;0,1006289308;0;0;3;0,006289308176;4;0,008385744235;2;0,004192872117;64;4,395044148e-06;461;0,9664570231;476;0,9979035639;455;0,9538784067;476;0,9979035639;429;0,8993710692;477;1;474;0,9937106918;473;0,9916142558;475;0,9958071279;413;0,8658280922;0,0628;0,0628;0,0628;0,0692;0,0753768844221105;0,0691;"No";NA;"No";2022-04-26 07:40:00;-15;-122,38899;47,6862;"53033003100";133797,111111111;"100-150K";2022-04-26 07:10:00;"No";0,0691
"54";"Madison Middle School";"Go2Work_0800";3688;30951;0,11915608542535;8H 0M 0S;0,565183677425608;2022-04-26 08:00:00;"Madison​";2;"8:30 a.m.";"3:20 p.m.";"Middle School";"Madison Middle School";"3429 45th Ave. SW";"Seattle, WA 98116";"3429 45th Ave. SW,Seattle, WA 98116";2022-04-26 08:55:00;969;434;0,4478844169;11;0,01135190918;524;0,5407636739;3;0,003095975232;50;0,0515995872;45;0,04643962848;108;0,1114551084;4;0,004127966976;131;0,1351909185;628;0,6480908153;30;0,03095975232;0;0;157;0,1620227038;7;0,007223942208;186;0,1919504644;1;0,001031991744;4;0,004127966976;11;0,01135190918;28;0,02889576883;139;7,455048719e-06;939;0,9690402477;966;0,9969040248;812;0,8379772962;962;0,9927760578;783;0,8080495356;968;0,9989680083;965;0,995872033;958;0,9886480908;941;0,9711042312;830;0,8565531476;0,1377;0,1378;0,1378;0,1672;0,232426303854875;0,1791;"No";NA;"No";2022-04-26 08:30:00;-25;-122,39078;47,57254;"53033009702";117876,125;"100-150K";2022-04-26 08:00:00;"No";0,1791
"55";"Madrona K-5 School";"Go2Work_0700";1170;15788;0,0741069166455536;7H 0M 0S;0,157398023815556;2022-04-26 07:00:00;"Madrona​";1;"7:40 a.m.";"2 p.m.";"Elementary School";"Madrona Elementary";"1121 33rd Ave.";"Seattle, WA 98122";"1121 33rd Ave.,Seattle, WA 98122";2022-04-26 07:55:00;236;118;0,5;1;0,004237288136;117;0,4957627119;0;0;4;0,01694915254;88;0,3728813559;26;0,1101694915;1;0,004237288136;37;0,156779661;80;0,3389830508;22;0,09322033898;0;0;10;0,04237288136;21;0,08898305085;116;0,4915254237;0;0;1;0,004237288136;9;0,03813559322;0;0;20;0,0003770468256;214;0,906779661;236;1;226;0,9576271186;215;0,9110169492;120;0,5084745763;236;1;235;0,9957627119;227;0,9618644068;236;1;216;0,9152542373;0,4241;0,4241;0,4241;0,459;0,517094017094017;0,4667;"No";"School-wide";"School-wide";2022-04-26 07:40:00;-15;-122,290885;47,61238;"53033007800";115273,294117647;"100-150K";2022-04-26 07:10:00;"No";0,4667
"56";"Magnolia Elementary School";"Go2Work_0700";1158;11175;0,103624161073826;7H 0M 0S;0,268098434004474;2022-04-26 07:00:00;"Magnolia​";1;"7:40 a.m.";"2 p.m.";"Elementary School";"Magnolia Elementary";"2418 28th Ave. W";"Seattle, WA 98199";"2418 28th Ave. W,Seattle, WA 98199";2022-04-26 07:55:00;336;167;0,4970238095;2;0,005952380952;167;0,4970238095;0;0;31;0,09226190476;11;0,03273809524;41;0,1220238095;1;0,002976190476;44;0,130952381;208;0,619047619;32;0,09523809524;0;0;9;0,02678571429;0;0;37;0,1101190476;0;0;3;0,008928571429;4;0,0119047619;4;0,0119047619;51;0;304;0,9047619048;336;1;327;0,9732142857;336;1;299;0,8898809524;336;1;333;0,9910714286;332;0,9880952381;332;0,9880952381;285;0,8482142857;0,0978;0,0978;0,0978;NA;NA;0,0978;"No";NA;"No";2022-04-26 07:40:00;-15;-122,39262;47,64061;"53033005803";125638,857142857;"100-150K";2022-04-26 07:10:00;"No";0,0978
"57";"Maple Elementary School";"Go2Work_0900";184;5534;0,0332490061438381;9H 0M 0S;0,655945066859415;2022-04-26 09:00:00;"Maple​";3;"9:30 a.m.";"4 p.m.";"Elementary School";"Maple Elementary";"4925 Corson Ave. S";"Seattle, WA 98108";"4925 Corson Ave. S,Seattle, WA 98108";2022-04-26 07:55:00;444;206;0,463963964;0;0;238;0,536036036;3;0,006756756757;213;0,4797297297;21;0,0472972973;81;0,1824324324;1;0,002252252252;51;0,1148648649;74;0,1666666667;180;0,4054054054;0;0;22;0,04954954955;7;0,01576576577;240;0,5405405405;0;0;1;0,002252252252;5;0,01126126126;0;0;61;3,550848145e-05;264;0,5945945946;444;1;422;0,9504504505;437;0,9842342342;204;0,4594594595;444;1;443;0,9977477477;439;0,9887387387;444;1;383;0,8626126126;0,5028;0,5028;0,5028;0,5476;0,590225563909774;0,5469;"Yes";"School-wide";"School-wide";2022-04-26 09:30:00;95;-122,3189;47,55813;"53033009300";92245;"50-100K";2022-04-26 09:00:00;"Yes";0,5469
"58";"Martin Luther King Jr. Elementary School";"Go2Work_0700";287;5512;0,0520682148040639;7H 0M 0S;0,29989114658926;2022-04-26 07:00:00;"Martin Luther King, Jr.";1;"7:40 a.m.";"2 p.m.";"Elementary School";"Martin Luther King, Jr. Elementary";"6725 45th Ave. S";"Seattle, WA 98118";"6725 45th Ave. S,Seattle, WA 98118";2022-04-26 07:55:00;254;128;0,5039370079;0;0;126;0,4960629921;1;0,003937007874;60;0,2362204724;120;0,4724409449;40;0,157480315;0;0;16;0,06299212598;17;0,06692913386;91;0,3582677165;0;0;11;0,04330708661;10;0,03937007874;180;0,7086614173;0;0;1;0,003937007874;11;0,04330708661;0;0;35;0,00015500031;163;0,6417322835;251;0,9881889764;243;0,9566929134;244;0,9606299213;74;0,2913385827;254;1;253;0,9960629921;243;0,9566929134;254;1;219;0,8622047244;0,7138;0,7138;0,7138;0,7174;0,682310469314079;0,7045;"Yes";"School-wide";"School-wide";2022-04-26 07:40:00;-15;-122,27691;47,54175;"53033011101";57614,1428571429;"50-100K";2022-04-26 07:10:00;"Yes";0,7045
"59";"McClure Middle School";"Go2Work_0800";7683;48929;0,157023442130434;8H 0M 0S;0,444664718265242;2022-04-26 08:00:00;"McClure​";2;"8:30 a.m.";"3:20 p.m.";"Middle School";"McClure Middle School";"1915 1st Ave. W";"Seattle, WA 98119";"1915 1st Ave. W,Seattle, WA 98119";2022-04-26 08:55:00;437;206;0,471395881;8;0,01830663616;223;0,5102974828;1;0,002288329519;30;0,06864988558;19;0,04347826087;47;0,1075514874;1;0,002288329519;69;0,1578947368;270;0,6178489703;15;0,03432494279;0;0;7;0,01601830664;8;0,01830663616;73;0,1670480549;1;0,002288329519;4;0,009153318078;19;0,04347826087;7;0,01601830664;71;4,189161592e-05;422;0,9656750572;435;0,995423341;430;0,9839816934;429;0,9816933638;364;0,8329519451;436;0,9977116705;433;0,9908466819;418;0,9565217391;430;0,9839816934;366;0,8375286041;0,166;0,1645;0,166;0,1359;0,131481481481481;0,1445;"No";NA;"No";2022-04-26 08:30:00;-25;-122,35892;47,63683;"53033006800";125454,627118644;"100-150K";2022-04-26 08:00:00;"No";0,1445
"60";"McDonald International School";"Go2Work_0700";4423;55283;0,080006511947615;7H 0M 0S;0,165729066801729;2022-04-26 07:00:00;"McDonald​";1;"7:40 a.m.";"2 p.m.";"Elementary School";"McDonald International Elementary";"144 NE 54th St.";"Seattle, WA 98105";"144 NE 54th St.,Seattle, WA 98105";2022-04-26 07:55:00;454;246;0,5418502203;2;0,004405286344;206;0,4537444934;0;0;28;0,06167400881;1;0,002202643172;93;0,204845815;0;0;106;0,2334801762;226;0,4977973568;99;0,218061674;0;0;17;0,03744493392;0;0;18;0,03964757709;0;0;6;0,01321585903;9;0,01982378855;4;0,008810572687;36;0;355;0,781938326;454;1;437;0,9625550661;454;1;436;0,9603524229;454;1;448;0,986784141;445;0,9801762115;450;0,9911894273;418;0,9207048458;0,0084;0,0084;0,0084;0,025;0,0237068965517241;0,019;"No";NA;"No";2022-04-26 07:40:00;-15;-122,32659;47,66828;"53033004500";106055,369863014;"100-150K";2022-04-26 07:10:00;"No";0,019
"61";"McGilvra Elementary School";"Go2Work_0700";911;11236;0,0810786756852973;7H 0M 0S;0,129227483090068;2022-04-26 07:00:00;"McGilvra​";1;"7:40 a.m.";"2 p.m.";"Elementary School";"McGilvra Elementary";"1617 38th Ave. E";"Seattle, WA 98112";"1617 38th Ave. E,Seattle, WA 98112";2022-04-26 07:55:00;224;114;0,5089285714;0;0;110;0,4910714286;0;0;25;0,1116071429;14;0,0625;17;0,07589285714;0;0;37;0,1651785714;131;0,5848214286;10;0,04464285714;0;0;7;0,03125;7;0,03125;24;0,1071428571;0;0;2;0,008928571429;5;0,02232142857;0;0;31;0,0001395089286;214;0,9553571429;224;1;217;0,96875;217;0,96875;200;0,8928571429;224;1;222;0,9910714286;219;0,9776785714;224;1;193;0,8616071429;0,0714;0,0714;0,0714;0,0607;0,0661157024793388;0,0661;"No";NA;"No";2022-04-26 07:40:00;-15;-122,284825;47,634035;"53033006300";149492,071428571;"100-150K";2022-04-26 07:10:00;"No";0,0661
"62";"Mercer International Middle School";"Go2Work_0800";2891;24653;0,117267675333631;8H 0M 0S;0,48338944550359;2022-04-26 08:00:00;"Mercer​";2;"8:30 a.m.";"3:20 p.m.";"Middle School";"Mercer International Middle School";"1600 S Columbian Way";"Seattle, WA 98108";"1600 S Columbian Way,Seattle, WA 98108";2022-04-26 08:55:00;986;468;0,4746450304;3;0,003042596349;515;0,5223123732;1;0,001014198783;378;0,38336714;190;0,1926977688;176;0,1784989858;2;0,002028397566;103;0,1044624746;136;0,1379310345;213;0,2160243408;0;0;72;0,07302231237;24;0,02434077079;620;0,6288032454;0;0;4;0,004056795132;17;0,01724137931;4;0,004056795132;145;2,468638011e-05;773;0,7839756592;982;0,9959432049;914;0,9269776876;962;0,9756592292;366;0,3711967546;986;1;982;0,9959432049;969;0,9827586207;982;0,9959432049;841;0,8529411765;0,5749;0,5749;0,5749;0,6108;0,642605633802817;0,6094;"Yes";NA;"No";2022-04-26 08:30:00;-25;-122,31208;47,56413;"53033010001";74709,1578947368;"50-100K";2022-04-26 08:00:00;"Yes";0,6094
"63";"Montlake Elementary School";"Go2Work_0700";712;12009;0,0592888666833208;7H 0M 0S;0,122658006495129;2022-04-26 07:00:00;"Montlake​";1;"7:40 a.m.";"2 p.m.";"Elementary School";"Montlake Elementary";"2409 22nd Ave. E";"Seattle, WA 98112";"2409 22nd Ave. E,Seattle, WA 98112";2022-04-26 07:55:00;184;93;0,5054347826;1;0,005434782609;90;0,4891304348;0;0;23;0,125;4;0,02173913043;9;0,04891304348;0;0;32;0,1739130435;116;0,6304347826;8;0,04347826087;0;0;22;0,1195652174;2;0,01086956522;13;0,07065217391;0;0;0;0;4;0,02173913043;1;0,005434782609;23;5,907372401e-05;176;0,9565217391;184;1;162;0,8804347826;182;0,9891304348;171;0,9293478261;184;1;184;1;180;0,9782608696;183;0,9945652174;161;0,875;0,044;0,044;0,044;0,0595;0,0520446096654275;0,0518;"No";NA;"No";2022-04-26 07:40:00;-15;-122,30422;47,64064;"53033006200";146538,4;"100-150K";2022-04-26 07:10:00;"No";0,0518
"64";"Nathan Hale High School";"Go2Work_0800";5211;35713;0,145913252877104;8H 0M 0S;0,511354408758715;2022-04-26 08:00:00;"Hale​";2;"8:30 a.m.";"3:20 p.m.";"High School";"Nathan Hale High School";"10750 30th Ave. NE";"Seattle, WA 98125";"10750 30th Ave. NE,Seattle, WA 98125";2022-04-26 08:45:00;1118;510;0,4561717352;11;0,009838998211;597;0,5339892665;5;0,004472271914;95;0,08497316637;138;0,1234347048;184;0,1645796064;7;0,00626118068;122;0,1091234347;567;0,5071556351;99;0,0885509839;0;0;32;0,02862254025;18;0,01610017889;402;0,3595706619;0;0;2;0,001788908766;36;0,03220035778;90;0,08050089445;171;1,440087557e-05;1019;0,9114490161;1115;0,9973166369;1086;0,9713774597;1100;0,9838998211;716;0,6404293381;1118;1;1116;0,9982110912;1082;0,9677996422;1028;0,9194991055;947;0,8470483005;0,281;0,281;0,281;0,3057;0,328990228013029;0,3052;"No";NA;"No";2022-04-26 08:30:00;-15;-122,29473;47,70804;"53033001000";99357,6470588235;"50-100K";2022-04-26 08:00:00;"No";0,3052
"65";"North Beach Elementary School";"Go2Work_0700";733;8374;0,0875328397420587;7H 0M 0S;0,216503463100072;2022-04-26 07:00:00;"North Beach​";1;"7:40 a.m.";"2 p.m.";"Elementary School";"North Beach Elementary";"9018 24th Ave. NW";"Seattle, WA 98117";"9018 24th Ave. NW,Seattle, WA 98117";2022-04-26 07:55:00;357;171;0,4789915966;0;0;186;0,5210084034;0;0;10;0,02801120448;7;0,01960784314;23;0,06442577031;2;0,005602240896;50;0,1400560224;265;0,7422969188;17;0,04761904762;0;0;18;0,05042016807;0;0;37;0,1036414566;0;0;4;0,01120448179;4;0,01120448179;1;0,002801120448;65;0;340;0,9523809524;357;1;339;0,9495798319;357;1;320;0,8963585434;357;1;353;0,9887955182;353;0,9887955182;356;0,9971988796;292;0,8179271709;0,0718;0,0718;0,0718;0,0488;0,0640243902439024;0,0615;"No";NA;"No";2022-04-26 07:40:00;-15;-122,3871;47,69487;"53033001600";146502,181818182;"100-150K";2022-04-26 07:10:00;"No";0,0615
"66";"Northgate Elementary School";"Go2Work_0700";1165;11821;0,0985534218763218;7H 0M 0S;0,29354538533119;2022-04-26 07:00:00;"Northgate​";1;"7:40 a.m.";"2 p.m.";"Elementary School";"Northgate Elementary";"11725 1st Ave. NE";"Seattle, WA 98125";"11725 1st Ave. NE,Seattle, WA 98125";2022-04-26 07:55:00;204;107;0,5245098039;0;0;97;0,4754901961;1;0,004901960784;11;0,05392156863;54;0,2647058824;60;0,2941176471;1;0,004901960784;19;0,0931372549;58;0,2843137255;55;0,2696078431;0;0;8;0,03921568627;7;0,03431372549;140;0,6862745098;1;0,004901960784;1;0,004901960784;5;0,02450980392;3;0,01470588235;35;0,0001682045367;149;0,7303921569;204;1;196;0,9607843137;197;0,9656862745;64;0,3137254902;203;0,9950980392;203;0,9950980392;199;0,9754901961;201;0,9852941176;169;0,8284313725;0,6318;0,6318;0,6318;0,6908;0,737254901960784;0,6866;"Yes";"School-wide";"School-wide";2022-04-26 07:40:00;-15;-122,32892;47,7153;"53033000601";79511,4117647059;"50-100K";2022-04-26 07:10:00;"Yes";0,6866
"67";"Nova High School";"Go2Work_0800";9693;67289;0,144050290537829;8H 0M 0S;0,402339163904947;2022-04-26 08:00:00;"Nova​";2;"8:30 a.m.";"3:20 p.m.";"High School";"Nova";"2410 E Cherry St.";"Seattle, WA 98122";"2410 E Cherry St.,Seattle, WA 98122";2022-04-26 08:55:00;229;121;0,5283842795;23;0,1004366812;85;0,3711790393;0;0;6;0,02620087336;22;0,096069869;27;0,1179039301;0;0;29;0,1266375546;145;0,6331877729;2;0,008733624454;0;0;18;0,07860262009;9;0,03930131004;71;0,3100436681;1;0,004366812227;3;0,01310043668;16;0,06986899563;20;0,08733624454;65;0,0001716214412;227;0,9912663755;227;0,9912663755;211;0,9213973799;220;0,96069869;158;0,6899563319;228;0,9956331878;226;0,9868995633;213;0,9301310044;209;0,9126637555;164;0,7161572052;0,2547;0,2547;0,2547;0,2744;0,278846153846154;0,2693;"No";NA;"No";2022-04-26 08:30:00;-25;-122,30087;47,60835;"53033008800";100324,240506329;"100-150K";2022-04-26 08:00:00;"No";0,2693
"68";"Olympic Hills Elementary School";"Go2Work_0900";864;13777;0,0627132176816433;9H 0M 0S;0,703200987152501;2022-04-26 09:00:00;"Olympic Hills​";3;"9:30 a.m.";"4 p.m.";"Elementary School";"Olympic Hills Elementary";"13018 20th Ave. NE";"Seattle, WA 98125";"13018 20th Ave. NE,Seattle, WA 98125";2022-04-26 07:55:00;505;248;0,4910891089;2;0,00396039604;255;0,504950495;4;0,007920792079;41;0,08118811881;130;0,2574257426;119;0,2356435644;0;0;46;0,09108910891;165;0,3267326733;152;0,300990099;0;0;14;0,02772277228;12;0,02376237624;271;0,5366336634;2;0,00396039604;2;0,00396039604;19;0,03762376238;0;0;79;4,705421037e-05;353;0,699009901;505;1;491;0,9722772277;493;0,9762376238;234;0,4633663366;503;0,996039604;503;0,996039604;486;0,9623762376;505;1;426;0,8435643564;0,573;0,573;0,5721;0,6063;0,701086956521739;0,6268;"Yes";"School-wide";"School-wide";2022-04-26 09:30:00;95;-122,30686;47,72406;"53033000202";90386,65;"50-100K";2022-04-26 09:00:00;"Yes";0,6268
"69";"Olympic View Elementary School";"Go2Work_0700";1762;14620;0,120519835841313;7H 0M 0S;0,264637482900137;2022-04-26 07:00:00;"Olympic View​";1;"7:40 a.m.";"2 p.m.";"Elementary School";"Olympic View Elementary";"504 NE 95th St.";"Seattle, WA 98115";"504 NE 95th St.,Seattle, WA 98115";2022-04-26 07:55:00;365;175;0,4794520548;3;0,008219178082;187;0,5123287671;0;0;29;0,07945205479;63;0,1726027397;53;0,1452054795;1;0,002739726027;32;0,08767123288;187;0,5123287671;80;0,2191780822;0;0;8;0,02191780822;22;0,0602739726;131;0,3589041096;0;0;1;0,002739726027;13;0,03561643836;2;0,005479452055;56;0,0001651341715;285;0,7808219178;365;1;357;0,9780821918;343;0,9397260274;234;0,6410958904;365;1;364;0,997260274;352;0,9643835616;363;0,9945205479;309;0,8465753425;0,3656;0,3656;0,3656;0,3523;0,34375;0,3539;"No";"School-wide";"School-wide";2022-04-26 07:40:00;-15;-122,32262;47,69778;"53033001900";94506,0476190476;"50-100K";2022-04-26 07:10:00;"No";0,3539
"70";"Orca K-8 School";"Go2Work_0900";1838;27824;0,0660580793559517;9H 0M 0S;0,722541690626797;2022-04-26 09:00:00;"Orca​";3;"9:30 a.m.";"4 p.m.";"K-8";"Orca K-8";"5215 46th Ave. S";"Seattle, WA 98118";"5215 46th Ave. S,Seattle, WA 98118";2022-04-26 08:55:00;395;181;0,4582278481;4;0,01012658228;210;0,5316455696;0;0;24;0,06075949367;108;0,2734177215;49;0,1240506329;0;0;48;0,1215189873;166;0,4202531646;48;0,1215189873;0;0;20;0,05063291139;8;0,02025316456;142;0,3594936709;0;0;2;0,005063291139;9;0,02278481013;1;0,00253164557;45;5,127383432e-05;347;0,8784810127;391;0,9898734177;375;0,9493670886;387;0,9797468354;253;0,6405063291;395;1;393;0,9949367089;386;0,9772151899;394;0,9974683544;350;0,8860759494;0,2685;0,2685;0,2685;0,2746;0,304347826086957;0,2825;"No";"Targeted Assistance";"Targeted Assistance";2022-04-26 09:30:00;35;-122,27595;47,55478;"53033010301";91555,85;"50-100K";2022-04-26 09:00:00;"No";0,2825
"71";"Pathfinder K-8 School";"Go2Work_0900";910;11998;0,0758459743290548;9H 0M 0S;0,732955492582097;2022-04-26 09:00:00;"Pathfinder​";3;"9:30 a.m.";"4 p.m.";"K-8";"Pathfinder K-8";"1901 SW Genesee St.";"Seattle, WA 98106";"1901 SW Genesee St.,Seattle, WA 98106";2022-04-26 08:55:00;468;231;0,4935897436;8;0,01709401709;229;0,4893162393;0;0;18;0,03846153846;18;0,03846153846;53;0,1132478632;2;0,004273504274;63;0,1346153846;314;0,6709401709;7;0,01495726496;0;0;22;0,04700854701;3;0,00641025641;64;0,1367521368;0;0;2;0,004273504274;8;0,01709401709;5;0,01068376068;107;1,369712908e-05;461;0,985042735;468;1;446;0,952991453;465;0,9935897436;404;0,8632478632;468;1;466;0,9957264957;460;0,9829059829;463;0,9893162393;361;0,7713675214;0,1255;0,1255;0,1255;0,1373;0,141683778234086;0,1348;"No";NA;"No";2022-04-26 09:30:00;35;-122,35792;47,56268;"53033009900";99124,0714285714;"50-100K";2022-04-26 09:00:00;"No";0,1348
"72";"Queen Anne Elementary";"Go2Work_0700";3909;64974;0,0601625265490812;7H 0M 0S;0,141164157970881;2022-04-26 07:00:00;"Queen Anne​";1;"7:40 a.m.";"2 p.m.";"Elementary School";"Queen Anne Elementary";"2100 4th Ave. N";"Seattle, WA 98109";"2100 4th Ave. N,Seattle, WA 98109";2022-04-26 07:55:00;489;238;0,4867075665;2;0,00408997955;249;0,509202454;4;0,0081799591;83;0,1697341513;65;0,1329243354;52;0,1063394683;6;0,01226993865;61;0,1247443763;218;0,445807771;68;0,1390593047;0;0;34;0,06952965235;8;0,0163599182;151;0,308793456;0;0;1;0,002044989775;51;0,1042944785;5;0,01022494888;90;3,345586544e-05;421;0,8609406953;487;0,9959100204;455;0,9304703476;481;0,9836400818;338;0,691206544;489;1;488;0,9979550102;438;0,8957055215;484;0,9897750511;399;0,8159509202;0,0676;0,0676;0,0676;0,0687;0,0740740740740741;0,0701;"No";NA;"No";2022-04-26 07:40:00;-15;-122,348825;47,63788;"53033006703";120187,626666667;"100-150K";2022-04-26 07:10:00;"No";0,0701
"73";"Rainier Beach High School";"Go2Work_0800";2840;29331;0,0968258838771266;8H 0M 0S;0,514677303876445;2022-04-26 08:00:00;"Rainier Beach";2;"8:30 a.m.";"3:20 p.m.";"High School";"Rainier Beach High School";"8815 Seward Park Ave. S";"Seattle, WA 98118";"8815 Seward Park Ave. S,Seattle, WA 98118";2022-04-26 08:55:00;840;390;0,4642857143;1;0,00119047619;449;0,5345238095;4;0,004761904762;203;0,2416666667;354;0,4214285714;158;0,1880952381;19;0,02261904762;57;0,06785714286;45;0,05357142857;216;0,2571428571;0;0;10;0,0119047619;51;0,06071428571;657;0,7821428571;3;0,003571428571;2;0,002380952381;66;0,07857142857;8;0,009523809524;137;7,227891156e-05;624;0,7428571429;837;0,9964285714;830;0,9880952381;789;0,9392857143;183;0,2178571429;837;0,9964285714;838;0,9976190476;774;0,9214285714;832;0,9904761905;703;0,8369047619;0,7069;0,7073;0,7073;0,7444;0,777479892761394;0,7429;"Yes";"School-wide";"School-wide";2022-04-26 08:30:00;-25;-122,26771;47,5253;"53033011801";81802,5348837209;"50-100K";2022-04-26 08:00:00;"Yes";0,7429
"74";"Rainier View Elementary School";"Go2Work_0700";865;9090;0,0951595159515952;7H 0M 0S;0,369196919691969;2022-04-26 07:00:00;"Rainier View​";1;"7:40 a.m.";"2 p.m.";"Elementary School";"Rainier View Elementary";"11650 Beacon Ave. S";"Seattle, WA 98178";"11650 Beacon Ave. S,Seattle, WA 98178";2022-04-26 07:55:00;221;113;0,5113122172;0;0;108;0,4886877828;1;0,004524886878;62;0,2805429864;81;0,3665158371;35;0,1583710407;1;0,004524886878;21;0,09502262443;20;0,09049773756;60;0,2714932127;0;0;11;0,04977375566;13;0,05882352941;148;0,6696832579;0;0;4;0,01809954751;9;0,0407239819;1;0,004524886878;13;0,0002661698163;161;0,7285067873;217;0,9819004525;210;0,9502262443;208;0,9411764706;73;0,3303167421;221;1;217;0,9819004525;212;0,9592760181;220;0,9954751131;208;0,9411764706;0,6327;0,6327;0,6337;0,6983;0,754166666666667;0,6951;"Yes";"School-wide";"School-wide";2022-04-26 07:40:00;-15;-122,26317;47,49887;"53033011901";84528,6923076923;"50-100K";2022-04-26 07:10:00;"Yes";0,6951
"75";"Rising Star Elementary School";"Go2Work_0700";798;10092;0,0790725326991677;7H 0M 0S;0,284284581847008;2022-04-26 07:00:00;"Rising Star​";1;"7:40 a.m.";"2 p.m.";"Elementary School";"Rising Star Elementary";"8311 Beacon Ave. S";"Seattle, WA 98118";"8311 Beacon Ave. S,Seattle, WA 98118";2022-04-26 07:55:00;315;145;0,4603174603;0;0;170;0,5396825397;0;0;102;0,3238095238;113;0,3587301587;42;0,1333333333;1;0,003174603175;31;0,09841269841;26;0,08253968254;145;0,4603174603;0;0;6;0,01904761905;16;0,05079365079;234;0,7428571429;0;0;2;0,006349206349;6;0,01904761905;0;0;62;0,0001612496851;170;0,5396825397;314;0,9968253968;309;0,980952381;299;0,9492063492;81;0,2571428571;315;1;313;0,9936507937;309;0,980952381;315;1;253;0,8031746032;0,7675;0,7675;0,7675;0,808;0,806682577565632;0,7941;"Yes";"School-wide";"School-wide";2022-04-26 07:40:00;-15;-122,28887;47,52911;"53033011700";70000,3888888889;"50-100K";2022-04-26 07:10:00;"Yes";0,7941
"76";"Robert Eagle Staff Middle School";"Go2Work_0800";4661;37465;0,124409448818898;8H 0M 0S;0,513973041505405;2022-04-26 08:00:00;"Eagle Staff​";2;"8:30 a.m.";"3:20 p.m.";"Middle School";"Robert Eagle Staff Middle School";"1330 N 90th St.";"Seattle, WA 98103";"1330 N 90th St.,Seattle, WA 98103";2022-04-26 08:55:00;689;358;0,5195936139;9;0,01306240929;322;0,4673439768;2;0,00290275762;48;0,06966618287;68;0,09869375907;103;0,1494920174;4;0,005805515239;83;0,1204644412;381;0,5529753266;57;0,08272859216;0;0;171;0,2481857765;8;0,01161103048;208;0,3018867925;1;0,00145137881;2;0,00290275762;17;0,02467343977;23;0,03338171263;126;1,68520036e-05;632;0,9172714078;686;0,9956458636;518;0,7518142235;681;0,9883889695;481;0,6981132075;688;0,9985486212;687;0,9970972424;672;0,9753265602;666;0,9666182874;563;0,81712627;0,2272;0,2272;0,2272;0,2589;0,267132867132867;0,2511;"No";NA;"No";2022-04-26 08:30:00;-25;-122,34049;47,6951;"53033001800";99288,78;"50-100K";2022-04-26 08:00:00;"No";0,2511
"77";"Roosevelt High School";"Go2Work_0800";6715;44048;0,152447330185252;8H 0M 0S;0,461996004358881;2022-04-26 08:00:00;"Roosevelt​";2;"8:30 a.m.";"3:20 p.m.";"High School";"Roosevelt High School";"1410 NE 66th St.";"Seattle, WA 98115";"1410 NE 66th St.,Seattle, WA 98115";2022-04-26 08:45:00;1580;765;0,4841772152;10;0,006329113924;805;0,5094936709;5;0,003164556962;138;0,08734177215;69;0,04367088608;124;0,07848101266;1;0,0006329113924;159;0,1006329114;1084;0,6860759494;45;0,02848101266;0;0;201;0,1272151899;6;0,003797468354;206;0,1303797468;0;0;4;0,00253164557;39;0,0246835443;84;0,05316455696;174;2,403460984e-06;1535;0,9715189873;1580;1;1379;0,8727848101;1574;0,9962025316;1374;0,8696202532;1580;1;1576;0,9974683544;1541;0,9753164557;1496;0,946835443;1406;0,8898734177;0,0889;0,0889;0,0889;0,0985;0,104445634708088;0,0973;"No";NA;"No";2022-04-26 08:30:00;-15;-122,31336;47,67728;"53033002600";126015,172413793;"100-150K";2022-04-26 08:00:00;"No";0,0973
"78";"Roxhill Elementary School";"Go2Work_0800";1552;12146;0,127778692573687;8H 0M 0S;0,6138646467973;2022-04-26 08:00:00;"Roxhill​";2;"8:30 a.m.";"3 p.m.";"Elementary School";"Roxhill Elementary";"7740 34th Ave. SW";"Seattle, WA 98126";"7740 34th Ave. SW,Seattle, WA 98126";2022-04-26 07:55:00;280;151;0,5392857143;0;0;129;0,4607142857;1;0,003571428571;15;0,05357142857;95;0,3392857143;65;0,2321428571;1;0,003571428571;32;0,1142857143;71;0,2535714286;49;0,175;0;0;6;0,02142857143;15;0,05357142857;194;0,6928571429;0;0;1;0,003571428571;16;0,05714285714;0;0;31;0,0001913265306;231;0,825;278;0,9928571429;274;0,9785714286;265;0,9464285714;86;0,3071428571;280;1;279;0,9964285714;264;0,9428571429;280;1;249;0,8892857143;0,6331;0,6331;0,6331;0,6887;0,767527675276753;0,6964;"Yes";"School-wide";"School-wide";2022-04-26 08:30:00;35;-122,37493;47,53284;"53033011500";86304,875;"50-100K";2022-04-26 08:00:00;"Yes";0,6964
"79";"Sacajawea Elementary School";"Go2Work_0700";1799;15002;0,119917344354086;7H 0M 0S;0,249366751099853;2022-04-26 07:00:00;"Sacajawea​";1;"7:40 a.m.";"2 p.m.";"Elementary School";"Sacajawea Elementary";"9501 20th Ave. NE";"Seattle, WA 98115";"9501 20th Ave. NE,Seattle, WA 98115";2022-04-26 07:55:00;179;81;0,4525139665;0;0;98;0,5474860335;1;0,005586592179;10;0,05586592179;17;0,09497206704;22;0,1229050279;0;0;26;0,1452513966;103;0,5754189944;20;0,1117318436;0;0;7;0,03910614525;0;0;46;0,2569832402;0;0;0;0;1;0,005586592179;1;0,005586592179;57;0;159;0,8882681564;178;0,9944134078;172;0,9608938547;179;1;133;0,7430167598;179;1;179;1;178;0,9944134078;178;0,9944134078;122;0,6815642458;0,2445;0,2445;0,2402;0,2335;0,260683760683761;0,2462;"No";NA;"No";2022-04-26 07:40:00;-15;-122,30762;47,69844;"53033002000";106170,181818182;"100-150K";2022-04-26 07:10:00;"No";0,2462
"80";"Salmon Bay K-8 School";"Go2Work_0900";4916;46439;0,10585929929585;9H 0M 0S;0,764099140808372;2022-04-26 09:00:00;"Salmon Bay​";3;"9:30 a.m.";"4 p.m.";"K-8";"Salmon Bay K-8";"1810 NW 65th St.";"Seattle, WA 98117";"1810 NW 65th St.,Seattle, WA 98117";2022-04-26 08:55:00;664;293;0,4412650602;15;0,02259036145;356;0,5361445783;3;0,004518072289;31;0,04668674699;9;0,01355421687;37;0,05572289157;0;0;99;0,1490963855;485;0,7304216867;16;0,02409638554;0;0;35;0,05271084337;0;0;78;0,1174698795;0;0;2;0,003012048193;6;0,009036144578;16;0,02409638554;145;0;648;0,9759036145;663;0,9984939759;629;0,9472891566;664;1;586;0,8825301205;664;1;662;0,9969879518;658;0,9909638554;648;0,9759036145;519;0,781626506;0,1022;0,1022;0,1022;0,0704;0,0726429675425039;0,0817;"No";NA;"No";2022-04-26 09:30:00;35;-122,38051;47,67689;"53033003301";120060,327586207;"100-150K";2022-04-26 09:00:00;"No";0,0817
"81";"Sand Point Elementary";"Go2Work_0800";1346;7501;0,179442740967871;8H 0M 0S;0,504466071190508;2022-04-26 08:00:00;"Sand Point";2;"8:30 a.m.";"3 p.m.";"Elementary School";"Sand Point Elementary";"6208 60th Ave. NE";"Seattle, WA 98115";"6208 60th Ave. NE,Seattle, WA 98115";2022-04-26 07:55:00;214;100;0,4672897196;0;0;114;0,5327102804;4;0,01869158879;16;0,07476635514;37;0,1728971963;24;0,1121495327;7;0,03271028037;34;0,1588785047;92;0,4299065421;36;0,1682242991;0;0;2;0,009345794393;3;0,01401869159;109;0,5093457944;0;0;2;0,009345794393;21;0,09813084112;0;0;46;6,550790462e-05;178;0,8317757009;212;0,9906542056;212;0,9906542056;211;0,9859813084;105;0,4906542056;214;1;212;0,9906542056;193;0,9018691589;214;1;168;0,785046729;0,4301;0,4301;0,4301;0,4503;0,446078431372549;0,4422;"No";"School-wide";"School-wide";2022-04-26 08:30:00;35;-122,26293;47,67365;"53033004102";156480,75;">150K";2022-04-26 08:00:00;"No";0,4422
"82";"Sanislo Elementary School";"Go2Work_0800";1085;8372;0,129598662207358;8H 0M 0S;0,54933110367893;2022-04-26 08:00:00;"Sanislo​";2;"8:30 a.m.";"3 p.m.";"Elementary School";"Sanislo Elementary";"1812 SW Myrtle St.";"Seattle, WA 98106";"1812 SW Myrtle St.,Seattle, WA 98106";2022-04-26 07:55:00;170;82;0,4823529412;1;0,005882352941;87;0,5117647059;0;0;30;0,1764705882;31;0,1823529412;44;0,2588235294;2;0,01176470588;28;0,1647058824;35;0,2058823529;56;0,3294117647;0;0;1;0,005882352941;7;0,04117647059;105;0,6176470588;0;0;2;0,01176470588;13;0,07647058824;1;0,005882352941;38;0,0002422145329;114;0,6705882353;169;0,9941176471;169;0,9941176471;163;0,9588235294;65;0,3823529412;170;1;168;0,9882352941;157;0,9235294118;169;0,9941176471;132;0,7764705882;0,5688;0,5688;0,5688;0,6055;0,652542372881356;0,6089;"Yes";"School-wide";"School-wide";2022-04-26 08:30:00;35;-122,35866;47,53961;"53033010800";87001;"50-100K";2022-04-26 08:00:00;"Yes";0,6089
"83";"Seattle World School";"Go2Work_0800";11294;80606;0,140113639183187;8H 0M 0S;0,388209314443094;2022-04-26 08:00:00;"World School​";2;"8:30 a.m.";"3:20 p.m.";"High School";"Seattle World School";"1700 E Union St,";"Seattle, WA 98122";"1700 E Union St, ,Seattle, WA 98122";2022-04-26 08:55:00;215;72;0,3348837209;1;0,004651162791;142;0,6604651163;0;0;30;0,1395348837;32;0,1488372093;148;0,688372093;0;0;1;0,004651162791;4;0,01860465116;196;0,911627907;0;0;0;0;67;0,311627907;176;0,8186046512;13;0,06046511628;0;0;34;0,1581395349;0;0;8;0,001449432125;19;0,08837209302;212;0,9860465116;215;1;148;0,688372093;39;0,1813953488;202;0,9395348837;215;1;181;0,8418604651;215;1;207;0,9627906977;0,8655;0,8659;0,8684;0,8506;0,931818181818182;0,8826;"Yes";"School-wide";"School-wide";2022-04-26 08:30:00;-25;-122,30928;47,61338;"53033007901";101989,90625;"100-150K";2022-04-26 08:00:00;"Yes";0,8826
"84";"South Shore PK-8 School";"Go2Work_0900";1128;24569;0,0459115145101551;9H 0M 0S;0,686637632789287;2022-04-26 09:00:00;"South Shore​";3;"9:30 a.m.";"4 p.m.";"K-8";"South Shore PK-8";"4800 S Henderson St.";"Seattle, WA 98118";"4800 S Henderson St.,Seattle, WA 98118";2022-04-26 07:55:00;560;255;0,4553571429;1;0,001785714286;304;0,5428571429;5;0,008928571429;91;0,1625;283;0,5053571429;51;0,09107142857;4;0,007142857143;56;0,1;70;0,125;122;0,2178571429;0;0;25;0,04464285714;24;0,04285714286;377;0,6732142857;0;0;1;0,001785714286;16;0,02857142857;1;0,001785714286;88;7,653061224e-05;438;0,7821428571;557;0,9946428571;535;0,9553571429;536;0,9571428571;183;0,3267857143;560;1;559;0,9982142857;544;0,9714285714;559;0,9982142857;472;0,8428571429;0,6164;0,6164;0,6164;0,6403;0,664739884393064;0,6405;"Yes";"School-wide";"School-wide";2022-04-26 09:30:00;95;-122,27199;47,52391;"53033011801";83186,7058823529;"50-100K";2022-04-26 09:00:00;"Yes";0,6405
"85";"Stephen Decatur Elementary School";"Go2Work_0900";2650;29872;0,0887118371719336;9H 0M 0S;0,746049812533476;2022-04-26 09:00:00;"Decatur​";3;"9:30 a.m.";"4 p.m.";"Elementary School";"Decatur Elementary";"7711 43rd Ave. NE";"Seattle, WA 98115";"7711 43rd Ave. NE,Seattle, WA 98115";2022-04-26 08:55:00;200;88;0,44;0;0;112;0,56;0;0;64;0,32;2;0,01;13;0,065;0;0;40;0,2;81;0,405;4;0,02;0;0;200;1;1;0,005;4;0,02;0;0;1;0,005;0;0;1;0,005;16;2,5e-05;196;0,98;200;1;0;0;199;0,995;196;0,98;200;1;199;0,995;200;1;199;0,995;184;0,92;0,026;0,026;0,026;0,0286;0,0165289256198347;0,0237;"No";NA;"No";2022-04-26 09:30:00;35;-122,28282;47,685575;"53033002400";133710,023255814;"100-150K";2022-04-26 09:00:00;"No";0,0237
"86";"Stevens Elementary School";"Go2Work_0700";547;11926;0,0458661747442562;7H 0M 0S;0,104058359885963;2022-04-26 07:00:00;"Stevens​";1;"7:40 a.m.";"2 p.m.";"Elementary School";"Stevens Elementary";"1242 18th Ave. E";"Seattle, WA 98112";"1242 18th Ave. E,Seattle, WA 98112";2022-04-26 07:55:00;185;81;0,4378378378;2;0,01081081081;102;0,5513513514;0;0;8;0,04324324324;24;0,1297297297;25;0,1351351351;0;0;29;0,1567567568;99;0,5351351351;18;0,0972972973;0;0;13;0,07027027027;11;0,05945945946;61;0,3297297297;0;0;0;0;8;0,04324324324;0;0;30;0,0003214024836;167;0,9027027027;183;0,9891891892;172;0,9297297297;174;0,9405405405;124;0,6702702703;185;1;185;1;177;0,9567567568;185;1;155;0,8378378378;0,29;0,29;0,29;0,2874;0,335664335664336;0,3044;"No";NA;"No";2022-04-26 07:40:00;-15;-122,30803;47,63193;"53033006400";117670,857142857;"100-150K";2022-04-26 07:10:00;"No";0,3044
"87";"The Center School";"Go2Work_0800";10308;72652;0,141881847712382;8H 0M 0S;0,378117601717778;2022-04-26 08:00:00;"Center School​";2;"8:30 a.m.";"3:20 p.m.";"High School";"The Center School";"305 Harrison St.";"Seattle, WA 98109";"305 Harrison St.,Seattle, WA 98109";2022-04-26 08:55:00;268;144;0,5373134328;18;0,0671641791;106;0,3955223881;3;0,01119402985;12;0,0447761194;8;0,02985074627;25;0,09328358209;1;0,003731343284;21;0,07835820896;198;0,7388059701;3;0,01119402985;0;0;21;0,07835820896;1;0,003731343284;60;0,223880597;0;0;0;0;15;0,05597014925;19;0,07089552239;72;1,39229227e-05;265;0,9888059701;267;0,9962686567;247;0,921641791;267;0,9962686567;208;0,776119403;268;1;268;1;253;0,9440298507;249;0,9291044776;196;0,7313432836;0,1225;0,1225;0,1225;0,0898;0,12396694214876;0,1121;"No";NA;"No";2022-04-26 08:30:00;-25;-122,35404;47,62186;"53033007101";104841,915662651;"100-150K";2022-04-26 08:00:00;"No";0,1121
"88";"Thornton Creek Elementary School";"Go2Work_0700";2681;32789;0,0817652261429138;7H 0M 0S;0,179999390039342;2022-04-26 07:00:00;"Thorton Creek​";1;"7:40 a.m.";"2 p.m.";"Elementary School";"Thornton Creek Elementary";"7712 40th Ave. NE";"Seattle, WA 98115";"7712 40th Ave. NE,Seattle, WA 98115";2022-04-26 07:55:00;478;227;0,4748953975;0;0;251;0,5251046025;1;0,002092050209;42;0,08786610879;21;0,04393305439;32;0,06694560669;1;0,002092050209;75;0,1569037657;306;0,640167364;34;0,07112970711;0;0;12;0,02510460251;0;0;53;0,1108786611;0;0;0;0;11;0,0230125523;3;0,006276150628;87;0;444;0,9288702929;478;1;466;0,9748953975;478;1;425;0,8891213389;478;1;478;1;467;0,9769874477;475;0,9937238494;391;0,8179916318;0,0495;0,0495;0,0495;0,0475;0,0556621880998081;0,0509;"No";NA;"No";2022-04-26 07:40:00;-15;-122,28443;47,68565;"53033002400";133963,791666667;"100-150K";2022-04-26 07:10:00;"No";0,0509
"89";"Thurgood Marshall Elementary";"Go2Work_0700";617;9059;0,0681090628104647;7H 0M 0S;0,181697759134562;2022-04-26 07:00:00;"Thurgood Marshall​";1;"7:40 a.m.";"2 p.m.";"Elementary School";"Thurgood Marshall Elementary";"2401 S Irving St.";"Seattle, WA 98144";"2401 S Irving St.,Seattle, WA 98144";2022-04-26 08:55:00;434;202;0,465437788;5;0,01152073733;227;0,5230414747;0;0;72;0,1658986175;101;0,232718894;50;0,1152073733;4;0,009216589862;89;0,2050691244;118;0,2718894009;66;0,1520737327;0;0;185;0,4262672811;9;0,02073732719;174;0,400921659;0;0;4;0,009216589862;10;0,02304147465;1;0,002304147465;81;4,778185988e-05;368;0,8479262673;434;1;249;0,5737327189;425;0,9792626728;260;0,599078341;434;1;430;0,9907834101;424;0,9769585253;433;0,9976958525;353;0,8133640553;0,3446;0,3446;0,3411;0,3414;0,326047358834244;0,3373;"No";"Targeted Assistance";"Targeted Assistance";2022-04-26 07:40:00;-75;-122,29955;47,59096;"53033009500";86431,25;"50-100K";2022-04-26 07:10:00;"No";0,3373
"90";"Tops K-8 School";"Go2Work_0900";5122;42104;0,121651149534486;9H 0M 0S;0,629441383241497;2022-04-26 09:00:00;"TOPS​";3;"9:30 a.m.";"4 p.m.";"K-8";"TOPS K-8";"2500 Franklin Ave. E";"Seattle, WA 98102";"2500 Franklin Ave. E,Seattle, WA 98102";2022-04-26 08:55:00;476;242;0,5084033613;1;0,002100840336;233;0,4894957983;3;0,006302521008;80;0,1680672269;60;0,1260504202;34;0,07142857143;2;0,004201680672;89;0,1869747899;208;0,4369747899;49;0,1029411765;0;0;19;0,03991596639;13;0,02731092437;138;0,2899159664;0;0;1;0,002100840336;4;0,008403361345;13;0,02731092437;79;5,737589153e-05;427;0,8970588235;475;0,9978991597;457;0,9600840336;463;0,9726890756;338;0,7100840336;476;1;475;0,9978991597;472;0,9915966387;463;0,9726890756;397;0,8340336134;0,2485;0,2485;0,2485;0,2531;0,261146496815287;0,2542;"No";NA;"No";2022-04-26 09:30:00;35;-122,32431;47,64251;"53033006100";105070,16;"100-150K";2022-04-26 09:00:00;"No";0,2542
"91";"View Ridge Elementary School";"Go2Work_0900";871;10837;0,0803727968995109;9H 0M 0S;0,752699086463043;2022-04-26 09:00:00;"View Ridge​";3;"9:30 a.m.";"4 p.m.";"Elementary School";"View Ridge Elementary";"7047 50th Ave. NE";"Seattle, WA 98115";"7047 50th Ave. NE,Seattle, WA 98115";2022-04-26 07:55:00;351;160;0,4558404558;1;0,002849002849;190;0,5413105413;1;0,002849002849;56;0,1595441595;10;0,02849002849;26;0,07407407407;0;0;64;0,1823361823;194;0,5527065527;22;0,06267806268;0;0;33;0,09401709402;1;0,002849002849;38;0,1082621083;0;0;0;0;2;0,005698005698;0;0;55;8,116817234e-06;329;0,9373219373;350;0,9971509972;318;0,905982906;350;0,9971509972;313;0,8917378917;351;1;351;1;349;0,9943019943;351;1;296;0,8433048433;0,0761;0,0761;0,0761;0,0661;0,0763636363636364;0,0729;"No";NA;"No";2022-04-26 09:30:00;95;-122,27618;47,68064;"53033003900";145415,733333333;"100-150K";2022-04-26 09:00:00;"No";0,0729
"92";"Viewlands Elementary School";"Go2Work_0700";1440;15506;0,0928672771830259;7H 0M 0S;0,233135560428221;2022-04-26 07:00:00;"Viewlands​";1;"7:40 a.m.";"2 p.m.";"Elementary School";"Viewlands Elementary";"520 NE Ravenna Blvd (interim location)";"Seattle, WA 98115";"520 NE Ravenna Blvd (interim location),Seattle, WA 98115";2022-04-26 07:55:00;285;147;0,5157894737;0;0;138;0,4842105263;2;0,00701754386;21;0,07368421053;36;0,1263157895;55;0,1929824561;4;0,01403508772;29;0,101754386;138;0,4842105263;58;0,2035087719;0;0;2;0,00701754386;7;0,02456140351;110;0,3859649123;1;0,00350877193;2;0,00701754386;7;0,02456140351;1;0,00350877193;47;8,618036319e-05;227;0,7964912281;284;0,9964912281;283;0,9929824561;278;0,9754385965;175;0,6140350877;284;0,9964912281;283;0,9929824561;278;0,9754385965;284;0,9964912281;238;0,8350877193;0,3225;0,3225;0,3225;0,3085;0,390977443609023;0,3407;"No";NA;"No";2022-04-26 07:40:00;-15;-122,322335;47,677255;"53033003602";92081,8421052632;"50-100K";2022-04-26 07:10:00;"No";0,3407
"93";"Washington Middle School";"Go2Work_0800";4217;29068;0,145073620476125;8H 0M 0S;0,474198431264621;2022-04-26 08:00:00;"Washington​";2;"8:30 a.m.";"3:20 p.m.";"Middle School";"Washington Middle School";"2101 S Jackson St.";"Seattle, WA 98144";"2101 S Jackson St.,Seattle, WA 98144";2022-04-26 08:55:00;554;246;0,4440433213;2;0,003610108303;306;0,5523465704;0;0;86;0,155234657;191;0,344765343;66;0,119133574;1;0,001805054152;67;0,1209386282;143;0,2581227437;100;0,1805054152;0;0;175;0,3158844765;33;0,059566787;323;0,583032491;1;0,001805054152;4;0,007220216606;21;0,03790613718;3;0,005415162455;80;0,0001075212762;454;0,8194945848;551;0,9945848375;379;0,6841155235;521;0,940433213;231;0,416967509;553;0,9981949458;550;0,9927797834;533;0,9620938628;551;0,9945848375;474;0,8555956679;0,3845;0,3845;0,3845;0,3812;0,400280898876405;0,3887;"No";NA;"No";2022-04-26 08:30:00;-25;-122,303925;47,597895;"53033009000";85846,358974359;"50-100K";2022-04-26 08:00:00;"No";0,3887
"94";"Wedgwood Elementary School";"Go2Work_0700";741;10547;0,0702569451028729;7H 0M 0S;0,188394804209728;2022-04-26 07:00:00;"Wedgwood​";1;"7:40 a.m.";"2 p.m.";"Elementary School";"Wedgwood Elementary";"2720 NE 85th St.";"Seattle, WA 98115";"2720 NE 85th St.,Seattle, WA 98115";2022-04-26 07:55:00;393;191;0,4860050891;2;0,005089058524;200;0,5089058524;3;0,007633587786;39;0,09923664122;14;0,03562340967;25;0,06361323155;0;0;74;0,1882951654;238;0,6055979644;21;0,0534351145;0;0;28;0,07124681934;1;0,002544529262;34;0,08651399491;0;0;3;0,007633587786;7;0,01781170483;0;0;44;6,474629166e-06;372;0,9465648855;393;1;365;0,9287531807;392;0,9974554707;359;0,9134860051;393;1;390;0,9923664122;386;0,9821882952;393;1;349;0,8880407125;0,0583;0,0583;0,0583;0,0672;0,0824742268041237;0,0693;"No";NA;"No";2022-04-26 07:40:00;-15;-122,29711;47,69055;"53033002100";130547,071428571;"100-150K";2022-04-26 07:10:00;"No";0,0693
"95";"West Seattle Elementary School";"Go2Work_0700";435;6881;0,0632175555878506;7H 0M 0S;0,261735212905101;2022-04-26 07:00:00;"West Seattle ES​";1;"7:40 a.m.";"2 p.m.";"Elementary School";"West Seattle Elementary";"5000 SW Spokane St.";"Seattle WA 98116";"5000 SW Spokane St.,Seattle WA 98116";2022-04-26 07:55:00;357;179;0,5014005602;0;0;178;0,4985994398;1;0,002801120448;12;0,03361344538;262;0,7338935574;31;0,08683473389;1;0,002801120448;22;0,06162464986;28;0,07843137255;109;0,3053221289;0;0;9;0,02521008403;8;0,02240896359;299;0,837535014;0;0;0;0;23;0,06442577031;0;0;54;6,277020612e-05;248;0,6946778711;356;0,9971988796;348;0,974789916;349;0,9775910364;58;0,162464986;357;1;357;1;334;0,9355742297;357;1;303;0,8487394958;0,8258;0,8278;0,8283;0,7845;0,824480369515012;0,8116;"Yes";"School-wide";"School-wide";2022-04-26 07:40:00;-15;-122,39673;47,57269;"53033009702";93449,6;"50-100K";2022-04-26 07:10:00;"Yes";0,8116
"96";"West Seattle High School";"Go2Work_0800";3688;30951;0,11915608542535;8H 0M 0S;0,565183677425608;2022-04-26 08:00:00;"West Seattle HS​";2;"8:30 a.m.";"3:20 p.m.";"High School";"West Seattle High School";"3000 California Ave. SW";"Seattle, WA 98116";"3000 California Ave. SW,Seattle, WA 98116";2022-04-26 08:45:00;1231;550;0,4467912266;12;0,009748172218;669;0,5434606011;8;0,006498781478;74;0,06011372868;72;0,05848903331;137;0,1112916328;7;0,005686433794;133;0,1080422421;800;0,6498781478;42;0,03411860276;0;0;133;0,1080422421;12;0,009748172218;225;0,1827782291;0;0;2;0,00162469537;34;0,02761982128;49;0,03980503656;152;7,918905132e-06;1189;0,9658813972;1228;0,9975629569;1098;0,8919577579;1219;0,9902518278;1006;0,8172217709;1231;1;1229;0,9983753046;1197;0,9723801787;1182;0,9601949634;1079;0,8765231519;0,1884;0,1884;0,1877;0,2095;0,250238777459408;0,216;"No";NA;"No";2022-04-26 08:30:00;-15;-122,38527;47,57697;"53033009801";117876,125;"100-150K";2022-04-26 08:00:00;"No";0,216
"97";"West Woodland Elementary School";"Go2Work_0700";1323;17804;0,0743091440125814;7H 0M 0S;0,163951920916648;2022-04-26 07:00:00;"West Woodland​";1;"7:40 a.m.";"2 p.m.";"Elementary School";"West Woodland Elementary";"5601 4th Ave NW";"Seattle, WA 98107";"5601 4th Ave NW,Seattle, WA 98107";2022-04-26 07:55:00;403;196;0,4863523573;0;0;207;0,5136476427;0;0;21;0,05210918114;3;0,007444168734;14;0,03473945409;0;0;45;0,111662531;320;0,794044665;8;0,01985111663;0;0;30;0,07444168734;2;0,004962779156;19;0,04714640199;0;0;0;0;5;0,01240694789;4;0,009925558313;84;1,231458848e-05;395;0,9801488834;403;1;373;0,9255583127;401;0,9950372208;384;0,952853598;403;1;403;1;398;0,9875930521;399;0,9900744417;319;0,7915632754;0,0781;0,0781;0,0781;0,0575;0,0565371024734982;0,064;"No";NA;"No";2022-04-26 07:40:00;-15;-122,36224;47,67018;"53033003400";117626,130434783;"100-150K";2022-04-26 07:10:00;"No";0,064
"98";"Whitman Middle School";"Go2Work_0800";6062;41031;0,147741951207624;8H 0M 0S;0,513172966781214;2022-04-26 08:00:00;"Whitman​";2;"8:30 a.m.";"3:20 p.m.";"Middle School";"Whitman Middle School";"9201 15th Ave. NW";"Seattle, WA 98117";"9201 15th Ave. NW,Seattle, WA 98117";2022-04-26 08:55:00;672;301;0,4479166667;9;0,01339285714;362;0,5386904762;3;0,004464285714;27;0,04017857143;27;0,04017857143;66;0,09821428571;1;0,001488095238;81;0,1205357143;467;0,6949404762;22;0,03273809524;0;0;54;0,08035714286;3;0,004464285714;101;0,150297619;0;0;1;0,001488095238;16;0,02380952381;13;0,0193452381;116;6,643282313e-06;650;0,9672619048;670;0,9970238095;618;0,9196428571;669;0,9955357143;571;0,849702381;672;1;671;0,9985119048;656;0,9761904762;659;0,9806547619;556;0,8273809524;0,1541;0,1541;0,1541;0,1606;0,176678445229682;0,1638;"No";NA;"No";2022-04-26 08:30:00;-25;-122,37888;47,69542;"53033001600";119992,574074074;"100-150K";2022-04-26 08:00:00;"No";0,1638
"99";"Whittier Elementary School";"Go2Work_0700";1032;9973;0,103479394364785;7H 0M 0S;0,205153915572045;2022-04-26 07:00:00;"Whittier​";1;"7:40 a.m.";"2 p.m.";"Elementary School";"Whittier Elementary";"1320 NW 75th St.";"Seattle, WA 98117";"1320 NW 75th St.,Seattle, WA 98117";2022-04-26 07:55:00;395;189;0,4784810127;1;0,00253164557;205;0,5189873418;0;0;10;0,0253164557;5;0,01265822785;28;0,07088607595;1;0,00253164557;54;0,1367088608;297;0,7518987342;11;0,02784810127;0;0;12;0,03037974684;2;0,005063291139;34;0,08607594937;0;0;0;0;4;0,01012658228;5;0,01265822785;65;1,281845858e-05;384;0,9721518987;395;1;383;0,9696202532;393;0,9949367089;361;0,9139240506;395;1;395;1;391;0,9898734177;390;0,9873417722;330;0,835443038;0,0631;0,0631;0,0631;0,0794;0,0848484848484849;0,0758;"No";NA;"No";2022-04-26 07:40:00;-15;-122,373245;47,683755;"53033003000";129652,692307692;"100-150K";2022-04-26 07:10:00;"No";0,0758
"100";"Wing Luke Elementary School";"Go2Work_0700";335;4746;0,0705857564264644;7H 0M 0S;0,277918246944796;2022-04-26 07:00:00;"Wing Luke​";1;"7:40 a.m.";"2 p.m.";"Elementary School";"Wing Luke Elementary";"3701 S Kenyon St.";"Seattle, WA 98118";"3701 S Kenyon St.,Seattle, WA 98118";2022-04-26 07:55:00;306;147;0,4803921569;1;0,003267973856;158;0,5163398693;2;0,006535947712;69;0,2254901961;169;0,5522875817;19;0,06209150327;2;0,006535947712;17;0,05555555556;28;0,09150326797;106;0,3464052288;0;0;23;0,07516339869;15;0,04901960784;212;0,6928104575;0;0;4;0,01307189542;15;0,04901960784;1;0,003267973856;52;0,0001601947969;200;0,6535947712;305;0,9967320261;283;0,9248366013;291;0,9509803922;94;0,3071895425;306;1;302;0,9869281046;291;0,9509803922;305;0,9967320261;254;0,8300653595;0,6891;0,6891;0,6891;0,7009;0,756676557863502;0,7156;"Yes";"School-wide";"School-wide";2022-04-26 07:40:00;-15;-122,2849;47,53074;"53033011700";71611,4285714286;"50-100K";2022-04-26 07:10:00;"Yes";0,7156
